ticket_id,created_at,first_response_at,resolved_at,status,channel,customer_id,order_id,product_sku,category,priority,assigned_team,agent_id,transfers,csat_score,refund_amount_inr,refund_reason_code,replacement_issued,customer_message,agent_notes,source_system,created_at_dt,first_response_at_dt,resolved_at_dt,month_year,response_time_hrs,resolution_time_hrs,sla_target_hrs,is_sla_breach,sla_breach_penalty_inr,channel_contact_cost_inr,transfers_count,transfer_cost_inr,in_scope,rule_ground_truth,predicted_category,eval_reasoning,is_correct
TK-254184,2026-06-15 10:20,2026-06-15 11:59,2026-06-15 12:10,resolved,email,C107444,VR898128,VA-NB-ARC,Billing & Payments,High,Billing,A3034,0.0,,,,N,Patehtic experience honestly.  Order VR898128 (teh neckband). discount was not applied at checkout. I already tried in caps. Refund. Now,partial rfnd of discount amount issued. issue: discount not applied. checked coupon validity.,helpdesk,2026-06-15 10:20:00,2026-06-15 11:59:00,2026-06-15 12:10:00,2026-06,1.65,1.8333333333333333,8.0,False,0.0,260.0,0.0,0.0,True,Hardware & Technical,Billing & Payments,ML model prediction from opening text (prob: 0.85),False
TK-246111,2025-10-18 13:48,2025-10-18 18:18,2025-10-18 18:38,resolved,email,C100936,VR902505,VA-EB-PL2,Returns & Refunds,Normal,Returns Desk,A3036,0.0,3.0,,,N,"dear sir/madam,
i bought pulse 2 buds on 08/10. the app said pickup today, that was on 08/10.
i called courier. nothing changed.
what do i do now?",issue: pickup missed | checked pickup awb -> refund processed without pickup as goodwill ~Pranav,helpdesk,2025-10-18 13:48:00,2025-10-18 18:18:00,2025-10-18 18:38:00,2025-10,4.5,4.833333333333333,8.0,False,0.0,260.0,0.0,0.0,True,Returns & Refunds,Returns & Refunds,Rule match: Return pickup / refund process,True
TK-242404,2025-05-16 10:34,2025-05-16 10:40,2025-05-16 05:33,resolved,chat,C107847,VR896299,VA-SW-FIT,Returns & Refunds,High,Returns Desk,A3038,,3.0,,,N,"hii
the app said pickup today, that was on 26 apr
nexa fit VR896299","1. pkp missed
2. Re-raised pkp w/ courier
3. pkp done, rfnd initiated (SOP 3.1) [closed]",legacy_fd,2025-05-16 10:34:00,2025-05-16 10:40:00,2025-05-16 05:33:00,2025-05,0.1,-5.016666666666667,0.25,False,0.0,210.0,0.0,0.0,True,Returns & Refunds,Returns & Refunds,Rule match: Return pickup / refund process,True
TK-245803,2025-10-08 20:07,2025-10-08 20:38,2025-10-08 21:05,resolved,chat,C105582,VR907842,VA-HP-ST3,App & Firmware,Normal,Chat Frontline,A3013,0.0,,,,N,Not what I expecteed from Vireo. Got my Strata 3 headphones from Flipkart a motnh ago. the Vireo app keeps crashing. I already reinstalled the app. Fix this or I am posting on twitter.,"Cleared cache, resolved. Issue: app crash on device page. Known issue on iOS 18 - bug logged. //SNE",helpdesk,2025-10-08 20:07:00,2025-10-08 20:38:00,2025-10-08 21:05:00,2025-10,0.5166666666666667,0.9666666666666667,0.25,True,350.0,210.0,0.0,0.0,True,Hardware & Technical,Hardware & Technical,ML model prediction from opening text (prob: 0.57),True
TK-245162,2025-09-16 15:56,2025-09-16 17:24,2025-09-19 17:38,resolved,voice,C107213,,VA-HP-ST2,Returns & Refunds,Normal,Returns Desk,A3036,0.0,,4499.0,RETURN-QC-OK,N,[IVR transcript] sir ji still waiting for my refund ??,refund delay | checked refund status on pg -> full refund processed (4499) ~Pranav,helpdesk,2025-09-16 15:56:00,2025-09-16 17:24:00,2025-09-19 17:38:00,2025-09,1.4666666666666666,73.7,2.0,False,0.0,520.0,0.0,0.0,True,Returns & Refunds,Returns & Refunds,ML model prediction from opening text (prob: 0.82),True
TK-248444,2025-12-18 14:31,2025-12-18 14:36,2025-12-18 14:48,resolved,chat,C106299,VR880283,VA-EB-PL2,Product Enquiry,Normal,Chat Frontline,A3011,0.0,,,,N,"hi
can i connect two pulse 2 together
help",cx satisfied. issue: product enquiry. shared compatibility info. -SM,helpdesk,2025-12-18 14:31:00,2025-12-18 14:36:00,2025-12-18 14:48:00,2025-12,0.08333333333333333,0.2833333333333333,0.25,False,0.0,210.0,0.0,0.0,True,Product Enquiry,Product Enquiry,Rule match: Pre-sales / Product feature query,True
TK-252191,2026-04-14 19:27,2026-04-14 19:36,2026-04-14 20:10,resolved,chat,C102454,VR893309,VA-EB-PL2,Charging & Battery,Normal,Chat Frontline,A3011,0.0,3.0,3499.0,GW-OTHER,N,"Got my Pulse 2 from Amazon last week. Battery drains very fast, barely lasts 2 hours.
Need this sorted this week.
Awaiting response Varun","re: battery draining fast | advised disabling anc/aod to test -> refund approved, rs 3499, 5-7 working days",helpdesk,2026-04-14 19:27:00,2026-04-14 19:36:00,2026-04-14 20:10:00,2026-04,0.15,0.7166666666666667,0.25,False,0.0,210.0,0.0,0.0,True,Hardware & Technical,Hardware & Technical,Rule match: Hardware / Audio / Battery / Connection defect,True
TK-243744,2025-07-27 16:12,2025-07-27 19:02,2025-07-29 14:00,resolved,email,C103103,VR882095,VA-HP-ST3,Delivery & Shipping,Normal,Logistics,A3029,,,6299.0,RETURN-QC-OK,N,"hi
packed the box a wek ago and it's still here
??",cx: reverse pickup pending | re-raised pickup with courier -> full refund processed (6299),legacy_fd,2025-07-27 16:12:00,2025-07-27 19:02:00,2025-07-29 14:00:00,2025-07,2.8333333333333335,45.8,8.0,False,0.0,260.0,0.0,0.0,True,Returns & Refunds,Returns & Refunds,ML model prediction from opening text (prob: 0.83),True
TK-242376,2025-05-15 08:24,2025-05-15 11:02,2025-05-15 05:57,resolved,social,C103218,,VA-SW-NX2,Delivery & Shipping,Normal,Logistics,A3002,,,,,N,"Hi Vireo support, Ordered my Nexa 2 watch in May. I haven't received my order. I checked the tracking page daily. Nothing changed. What do I do now?","Ticket raised for order not delivered. chk AWB w/ courier. xfer to Chat Frontline. Courier conf dlvry for 17 May, cx informed. Cx informed. -VG",legacy_fd,2025-05-15 08:24:00,2025-05-15 11:02:00,2025-05-15 05:57:00,2025-05,2.6333333333333333,-2.45,4.0,False,0.0,240.0,0.0,0.0,True,Delivery & Shipping,Delivery & Shipping,Rule match: Delivery / Courier tracking / Non-receipt issue,True
TK-251364,2026-03-20 18:39,2026-03-20 19:04,2026-03-23 19:38,resolved,voice,C102791,,VA-HP-ST3,Delivery & Shipping,Normal,Logistics,A3030,0.0,,,,N,"hi team, i bought my strata 3 headphones on march 19.  there's a dent on the case straight out of the box. i took photos. nothing changed. can someone fix this? awaiting response,","Customer reached out - unit received damaged. Photos received, damage confirmed. rplc dispatched. Follow-up not required. ~Imran",helpdesk,2026-03-20 18:39:00,2026-03-20 19:04:00,2026-03-23 19:38:00,2026-03,0.4166666666666667,72.98333333333333,2.0,False,0.0,520.0,0.0,0.0,True,Delivery & Shipping,Returns & Refunds,ML model prediction from opening text (prob: 0.39),False
TK-249095,2026-01-08 13:52,2026-01-08 15:01,2026-01-08 15:17,resolved,voice,C109388,,VA-EB-PL2,Audio Quality,Normal,Voice Frontline,A3023,0.0,,3149.0,GW-OTHER,N,i am losing patience. bought the pulse 2 earbuds around 13/12 from vireo.in. only one side plays sound. i already reset the buds. escalate thhis to someone senior.,rfnd of Rs 3149 initiated to source. Issue: right side silent. Walked through reset. //ZOY,helpdesk,2026-01-08 13:52:00,2026-01-08 15:01:00,2026-01-08 15:17:00,2026-01,1.15,1.4166666666666667,2.0,False,0.0,520.0,0.0,0.0,True,Hardware & Technical,Hardware & Technical,ML model prediction from opening text (prob: 0.54),True
TK-240794,2025-02-15 17:07,2025-02-15 17:51,2025-02-20 12:36,resolved,voice,C106814,VR901092,VA-EB-PL1,Delivery & Shipping,Normal,Logistics,A3030,,3.0,2499.0,RETURN-QC-OK,N,[IVR transcript] wrong porduct delivered. VR901092,Contact re incorrect product shipped. Raised w/ warehouse. Reverse pickup + correct item shipped. Closing. ~Imran,legacy_fd,2025-02-15 17:07:00,2025-02-15 17:51:00,2025-02-20 12:36:00,2025-02,0.7333333333333333,115.48333333333333,2.0,False,0.0,520.0,0.0,0.0,True,Returns & Refunds,Delivery & Shipping,ML model prediction from opening text (prob: 0.88),False
TK-244821,2025-09-05 13:55,2025-09-05 14:36,2025-09-08 09:20,resolved,email,C101188,,VA-HP-ST3,Billing & Payments,Normal,Billing,A3035,,,,,N,"product: my strata 3 headphones
order: vr884643
purchased: 17 aug
issue: the return was accepted but the amount is nowhere in my account
tried: emailed twice
expected: replacement",Reported: refund delay. Checked refund status on PG. Refund confirmed credited. Case closed with cx consent.,legacy_fd,2025-09-05 13:55:00,2025-09-05 14:36:00,2025-09-08 09:20:00,2025-09,0.6833333333333333,67.41666666666667,8.0,False,0.0,260.0,0.0,0.0,True,Billing & Payments,Returns & Refunds,ML model prediction from opening text (prob: 0.77),False
TK-240925,2025-02-23 18:28,2025-02-23 18:33,2025-02-23 13:28,resolved,chat,C106675,VR881410,VA-HP-ST2,Billing & Payments,High,Billing,A3035,,,4999.0,DUP-PAYMENT,N,"UPI SHOWS SUCCESS, YOUR APP SHOWS NOTHING, WAITING FOR YOUR REPLY",Reported: amunt deducted withuot order. Confirmed with payment gateway. Full refund proceessed (4999). Case closed with cx consent.,legacy_fd,2025-02-23 18:28:00,2025-02-23 18:33:00,2025-02-23 13:28:00,2025-02,0.08333333333333333,-5.0,0.25,False,0.0,210.0,0.0,0.0,True,Hardware & Technical,Billing & Payments,ML model prediction from opening text (prob: 0.61),False
TK-252094,2026-04-11 16:47,2026-04-11 16:47,2026-04-11 17:07,resolved,chat,C109427,,VA-SP-ORB,Other,Normal,Chat Frontline,A3013,0.0,,4799.0,CANCEL,N,"very poor quality. bought the orbit smart speaker around 09/04 from vireo.in. cacel order. i already tried cancel button, greyed out. this is the last time i buy from you.",rfnd of Rs 4799 initiated to source. Issue: ord cancellation. chk shipment status. //SNE,helpdesk,2026-04-11 16:47:00,2026-04-11 16:47:00,2026-04-11 17:07:00,2026-04,0.0,0.3333333333333333,0.25,False,0.0,210.0,0.0,0.0,True,Delivery & Shipping,Delivery & Shipping,ML model prediction from opening text (prob: 0.69),True
TK-243945,2025-08-05 19:59,2025-08-05 20:25,2025-08-08 15:22,resolved,email,C101198,VR905854,VA-SP-MINI,Billing & Payments,High,Billing,A3028,,,,,N,"hi team, i bought the mini speaker on july 23.  10 days since payment, you have no idea where it is and neither do i. what do i do now? thanks in advance rohit","cx paid fine, parcel stuck. sending to logistics team. contact re shipment not rcvd. chk awb w/ crr. xfer to logistics. crr conf dlvry for 10 aug, cx informed.",legacy_fd,2025-08-05 19:59:00,2025-08-05 20:25:00,2025-08-08 15:22:00,2025-08,0.43333333333333335,67.38333333333334,8.0,False,0.0,260.0,0.0,0.0,True,Delivery & Shipping,Delivery & Shipping,ML model prediction from opening text (prob: 0.41),True
TK-245698,2025-10-05 19:01,2025-10-06 00:45,2025-10-06 01:04,resolved,email,C104395,VR906416,VA-EB-PL2,Product Enquiry,Normal,Email Frontline,A3016,0.0,,,,N,"Hi there, This is regarding my Pulse 2. Does my Pulse 2 work with iPhone. How do I get this fixed? Regards, Ritika",as discussed ~Ritika,helpdesk,2025-10-05 19:01:00,2025-10-06 00:45:00,2025-10-06 01:04:00,2025-10,5.733333333333333,6.05,8.0,False,0.0,260.0,0.0,0.0,True,Product Enquiry,Product Enquiry,ML model prediction from opening text (prob: 0.94),True
TK-245403,2025-09-25 14:33,2025-09-26 05:06,2025-09-26 05:35,resolved,email,C102648,VR889348,VA-EB-PL1,Charging & Battery,Normal,Email Frontline,A3001,0.0,2.0,,,Y,"To teh Vireo Cusotmer Care Team,

I am writing with reference to my order of Pulse earbuds placed on August 07. App sohws the left at 0 percent no matter how long its in the case. I have tried a different cable. I request u to process a refund to my original payment method.

Yours faithfully,
Kavya Pandey
Coimbatore",issue: left earbud not taking charge | asked cx to clean charging pins -> replacement raised for full set ~Abhishek,helpdesk,2025-09-25 14:33:00,2025-09-26 05:06:00,2025-09-26 05:35:00,2025-09,14.55,15.033333333333333,8.0,True,350.0,260.0,0.0,0.0,True,Hardware & Technical,Hardware & Technical,ML model prediction from opening text (prob: 0.43),True
TK-245269,2025-09-19 18:59,2025-09-19 19:19,2025-09-19 19:41,resolved,voice,C107456,VR899803,VA-SP-ORB,Account & Login,Normal,Voice Frontline,A3023,0.0,4.0,,,N,"bhai
otp not coming on my number
itna paisa diya hai
kindly do the needful","OTP resent, cx logged in. Issue: unable to log in. chk number on account. //ZOY",helpdesk,2025-09-19 18:59:00,2025-09-19 19:19:00,2025-09-19 19:41:00,2025-09,0.3333333333333333,0.7,2.0,False,0.0,520.0,0.0,0.0,True,Account & Login,Account & Login,Rule match: Account authentication / OTP issue,True
TK-244398,2025-08-22 09:38,2025-08-22 10:00,2025-08-22 05:04,resolved,chat,C103118,,VA-EB-PL1,Connectivity,Low,Chat Frontline,A3014,,4.0,,,N,"To the Vireo Customer Care Team,

I am writing with reference to my order of my Pulse placed on 05-11-2024.  Connection drops constantly. I have kept phone in hand. I request you to provide a resolution within 3 working days.

Sincerely,
Neha Chauhan","1. Connection dropping
2. chk FW 2.2.7
3. adv, cx will monitor ~Rohan",legacy_fd,2025-08-22 09:38:00,2025-08-22 10:00:00,2025-08-22 05:04:00,2025-08,0.36666666666666664,-4.566666666666666,0.25,True,350.0,210.0,0.0,0.0,True,Hardware & Technical,Hardware & Technical,ML model prediction from opening text (prob: 0.41),True
TK-248138,2025-12-10 08:33,2025-12-10 08:36,2025-12-10 09:04,resolved,chat,C103808,VR890073,VA-HP-ST3,App & Firmware,Normal,Chat Frontline,A3006,0.0,5.0,,,N,"This is regarding Strata 3.  App crasshes when I open device settings.
I updated phone. Nothing changed.
Need this sorted this week.
Please revert","cx: app crashing | known issue on android 14 - bug logged -> cleared cache, resolved",helpdesk,2025-12-10 08:33:00,2025-12-10 08:36:00,2025-12-10 09:04:00,2025-12,0.05,0.5166666666666667,0.25,False,0.0,210.0,0.0,0.0,True,Hardware & Technical,Hardware & Technical,ML model prediction from opening text (prob: 0.77),True
TK-248026,2025-12-07 16:19,2025-12-07 20:15,2025-12-07 20:42,resolved,email,C101185,VR901169,VA-EB-PL2,Delivery & Shipping,Normal,Logistics,A3029,0.0,2.0,,,N,"team,
the courier marked it delivered but nobody in my house got anything
pls help karo",re: shipment not received | confirmed address with cx -> refund initiated as lost in transit,helpdesk,2025-12-07 16:19:00,2025-12-07 20:15:00,2025-12-07 20:42:00,2025-12,3.933333333333333,4.383333333333334,8.0,False,0.0,260.0,0.0,0.0,True,Delivery & Shipping,Delivery & Shipping,Rule match: Delivery / Courier tracking / Non-receipt issue,True
TK-242762,2025-06-04 14:36,2025-06-04 14:44,2025-06-04 09:32,closed,chat,C103621,VR904173,VA-NB-ARC,Billing & Payments,Normal,Billing,A3035,,,,,N,Very poor quality. I bought Arc neckband on 01/09. need GST invoice for my order. I already tried different browser. Refund. Now.,Customer reached out - GST innvoice request. Updated GSTN on order. GST invoice regenerated and shared. Follow-up not required. (SOP 5.4),legacy_fd,2025-06-04 14:36:00,2025-06-04 14:44:00,2025-06-04 09:32:00,2025-06,0.13333333333333333,-5.066666666666666,0.25,False,0.0,210.0,0.0,0.0,True,Billing & Payments,Billing & Payments,ML model prediction from opening text (prob: 0.76),True
TK-249774,2026-01-28 14:30,2026-01-28 15:14,2026-01-28 15:53,resolved,chat,C105069,VR892022,VA-EB-PL2,App & Firmware,Normal,Chat Frontline,A3011,0.0,4.0,,,N,"hello vireo, bought the pulse 2 earbuds around 02/09 from flipkart.  the pairing light blinks but nothing ever shows up on my iphone. i restarted the phone. nothing changed. i want a replacement. rgds","cx: pairing failure | asked cx to reset the device -> advised fw update via app, resolved -SM",helpdesk,2026-01-28 14:30:00,2026-01-28 15:14:00,2026-01-28 15:53:00,2026-01,0.7333333333333333,1.3833333333333333,0.25,True,350.0,210.0,0.0,0.0,True,Hardware & Technical,Hardware & Technical,Rule match: Hardware / Audio / Battery / Connection defect,True
TK-241496,2025-03-27 16:44,2025-03-27 16:52,,open,voice,C107931,,VA-SP-MINI,Connectivity,Normal,Voice Frontline,A3023,,,,,N,"[IVR transcript] ordered the mini speaker last month. pairing is not working. i trried on another phone. nothing changed. please advise. thanks,","Re-pair successful, resolved on chat. Issue: pairing failure. Asked cx to reset the device. //ZOY",legacy_fd,2025-03-27 16:44:00,2025-03-27 16:52:00,,2025-03,0.13333333333333333,,2.0,False,0.0,520.0,0.0,0.0,True,Hardware & Technical,Hardware & Technical,Rule match: Hardware / Audio / Battery / Connection defect,True
TK-250532,2026-02-21 17:36,2026-02-21 17:51,2026-02-22 18:16,closed,voice,C106567,VR906122,VA-EB-PL2,Delivery & Shipping,Normal,Logistics,A3029,0.0,4.0,,,N,"[IVR transcript] Pathetic experience honestly. Order VR906122 (the Pulse 2 earbuds). order not delivered, tracking not updating. I alreday checked the tracking page daily. Escalate this to someone senior.","issue: order not delivered | raised ticket with courier partner -> rto confirmed, reshipped",helpdesk,2026-02-21 17:36:00,2026-02-21 17:51:00,2026-02-22 18:16:00,2026-02,0.25,24.666666666666668,2.0,False,0.0,520.0,0.0,0.0,True,Delivery & Shipping,Delivery & Shipping,Rule match: Delivery / Courier tracking / Non-receipt issue,True
TK-253839,2026-06-04 14:18,2026-06-04 14:33,2026-06-04 14:43,resolved,voice,C102117,VR902832,VA-HP-ST3,Product Enquiry,Normal,Voice Frontline,A3024,0.0,,,,N,"hii
does strata 3 work with iphone
strata 3 vr902832
urgent",cx: compatibility query | shared compatibility info -> query answered -SS,helpdesk,2026-06-04 14:18:00,2026-06-04 14:33:00,2026-06-04 14:43:00,2026-06,0.25,0.4166666666666667,2.0,False,0.0,520.0,0.0,0.0,True,Product Enquiry,Product Enquiry,ML model prediction from opening text (prob: 0.93),True
TK-246158,2025-10-19 08:43,2025-10-19 08:44,2025-10-19 09:15,resolved,chat,C106180,VR903545,VA-SP-MINI,Connectivity,Normal,Chat Frontline,A3005,0.0,,,,N,"helo
wifi setup fails at the last step
the mini speaker vr903545",closed,helpdesk,2025-10-19 08:43:00,2025-10-19 08:44:00,2025-10-19 09:15:00,2025-10,0.016666666666666666,0.5333333333333333,0.25,False,0.0,210.0,0.0,0.0,True,Hardware & Technical,Other / Unclear,ML model prediction from opening text (prob: 0.58),False
TK-254093,2026-06-12 17:30,2026-06-12 23:25,2026-06-12 23:59,resolved,email,C101021,,VA-SW-NX2,Billing & Payments,High,Billing,A3032,0.0,3.0,,,N,"hey
double payment deducted
the nxea 2
urgent",cx: duplicate payment | conf utrs -> refund processed [closed],helpdesk,2026-06-12 17:30:00,2026-06-12 23:25:00,2026-06-12 23:59:00,2026-06,5.916666666666667,6.483333333333333,8.0,False,0.0,260.0,0.0,0.0,True,Billing & Payments,Billing & Payments,Rule match: Payment gateway / Double charge / Invoice query,True
TK-240134,2024-11-27 19:17,2024-11-27 20:03,2024-11-30 15:00,resolved,social,C101965,,VA-EB-AIR,Billing & Payments,Normal,Billing,A3028,,3.0,,,N,"sir ji
paid on 19/11, still waiting for something to show up
recently se
airlite earbuds",cx reached out - shipment not rcvd. conf adrdess w/ cx. xfer to logistics. re-shipped from warehouse.,legacy_fd,2024-11-27 19:17:00,2024-11-27 20:03:00,2024-11-30 15:00:00,2024-11,0.7666666666666667,67.71666666666667,4.0,False,0.0,240.0,0.0,0.0,False,Delivery & Shipping,Delivery & Shipping,Rule match: Delivery / Courier tracking / Non-receipt issue,True
TK-251611,2026-03-28 13:44,2026-03-28 14:52,2026-03-28 15:05,resolved,social,C101359,VR906018,VA-AC-CBL,Delivery & Shipping,Normal,Logistics,A3016,1.0,,,,Y,"hi
the box says the cable but what's inside is not what i paid for
hello??",wrong variant received | raised with warehouse -> new unit shipped under doa | xfer email frontline ~Ritika,helpdesk,2026-03-28 13:44:00,2026-03-28 14:52:00,2026-03-28 15:05:00,2026-03,1.1333333333333333,1.35,4.0,False,0.0,240.0,1.0,305.0,True,Delivery & Shipping,Warranty & RMA,ML model prediction from opening text (prob: 0.39),False
TK-252509,2026-04-24 12:52,2026-04-24 15:32,2026-04-27 15:47,resolved,email,C108853,VR902915,VA-EB-PL2,Returns & Refunds,Normal,Returns Desk,A3036,0.0,,2974.0,RETURN-QC-OK,N,NOT ACCEPTABLE AT THIS PRICE. Got the Pulse 2 earbuds from vireo.in last week. where is the money for the return. I already checked bank. Fix this or I am posting on twitter.,Ticket raised for refund pending. Checked reverse pickup QC status. Full refund processed (2974). ~Pranav,helpdesk,2026-04-24 12:52:00,2026-04-24 15:32:00,2026-04-27 15:47:00,2026-04,2.6666666666666665,74.91666666666667,8.0,False,0.0,260.0,0.0,0.0,True,Returns & Refunds,Returns & Refunds,ML model prediction from opening text (prob: 0.80),True
TK-240852,2025-02-20 11:47,2025-02-20 16:19,2025-02-20 11:07,resolved,email,C108560,,VA-HP-ST2,Other,Normal,Email Frontline,A3018,,,,,N,"To the Vireo Customer Care Team,

I am writing with reference to my order of my Strata 2 headphones placed on February 13.  Paid on February 13, still waiting for something to show up. I have checked with neighbours. I request you to kindly arrange a replacement.

Sincerely,
Aadhya Pillai
Patna","customer states ord not delivered. checked awb wiht crr. crr conf delivery for 25 feb, cx informed. will monitor.",legacy_fd,2025-02-20 11:47:00,2025-02-20 16:19:00,2025-02-20 11:07:00,2025-02,4.533333333333333,-0.6666666666666666,8.0,False,0.0,260.0,0.0,0.0,True,Delivery & Shipping,Delivery & Shipping,Rule match: Delivery / Courier tracking / Non-receipt issue,True
TK-247952,2025-12-05 19:36,2025-12-05 20:40,2025-12-10 21:03,resolved,social,C109196,VR886597,VA-EB-PL2,Delivery & Shipping,High,Logistics,A3030,0.0,,,,N,"there's a dent on the case straight out of the box, i want my money bacck","Cust contacted re unit received damaged. Photos received, damage confirmed. Reverse pickup arranged. Will monitor. (SOP 5.4)",helpdesk,2025-12-05 19:36:00,2025-12-05 20:40:00,2025-12-10 21:03:00,2025-12,1.0666666666666667,121.45,4.0,False,0.0,240.0,0.0,0.0,True,Returns & Refunds,Delivery & Shipping,ML model prediction from opening text (prob: 0.44),False
TK-250907,2026-03-05 18:20,2026-03-05 18:22,2026-03-08 20:00,resolved,chat,C108633,VR894849,VA-EB-PL1,Other,Normal,Chat Frontline,A3013,0.0,3.0,,,Y,"Namaste, the Pulse buds purchased last month, order VR894849.  What is the status of my warranty claim. Please call me on my registered number.","Cx updated, ETA shared. Issue: repair status follow-up. chk RMA status. //SNE",helpdesk,2026-03-05 18:20:00,2026-03-05 18:22:00,2026-03-08 20:00:00,2026-03,0.03333333333333333,73.66666666666667,0.25,False,0.0,210.0,0.0,0.0,True,Warranty & RMA,Warranty & RMA,Rule match: RMA / Warranty service indicator,True
TK-247717,2025-11-29 16:03,2025-11-29 19:15,2025-11-29 19:47,resolved,email,C106205,VR886509,VA-EB-PL2,App & Firmware,High,Email Frontline,A3018,0.0,4.0,,,N,"product: pulse 2 buds
order: vr886509
purchased: 24-10-2025
issue: pairing is not working
tried: forgot the device and tried again
expected: fix","cx says pairing failure. checked phoe os version. adv fw update via app, resolved. cx satisfied on chat.",helpdesk,2025-11-29 16:03:00,2025-11-29 19:15:00,2025-11-29 19:47:00,2025-11,3.2,3.7333333333333334,8.0,False,0.0,260.0,0.0,0.0,True,Hardware & Technical,Hardware & Technical,Rule match: Hardware / Audio / Battery / Connection defect,True
TK-254389,2026-06-21 13:49,2026-06-21 14:01,2026-06-21 14:15,closed,chat,C101624,VR893648,VA-SW-NX1,Billing & Payments,Normal,Billing,A3035,0.0,5.0,,,N,"Really frustrating. the nexa smartwatch purchased recently, order VR893648. the festive offer vanished whhen I cilcked pay. I already triied in caps. Escalate this to someone senior.",Ticket raised for promo code invalid. Checked cart eligibility. Store credit issued. Cx informed. (SOP 4.2),helpdesk,2026-06-21 13:49:00,2026-06-21 14:01:00,2026-06-21 14:15:00,2026-06,0.2,0.43333333333333335,0.25,False,0.0,210.0,0.0,0.0,True,Billing & Payments,Other / Unclear,ML model prediction from opening text (prob: 0.33),False
TK-243072,2025-06-22 07:40,2025-06-22 08:45,2025-06-22 03:28,resolved,email,C104413,VR896266,VA-EB-AIR,Connectivity,Normal,Email Frontline,A3022,,2.0,,,N,"Dear team, Got AirLite from Amazon last week. My phone just doesn't see it in the list anymore. I forgot the device & tried again. I want a replacement. Please revert Arjun George","cx: device not discoverable | walked through forget + re-pair -> advised fw update via app, resolved",legacy_fd,2025-06-22 07:40:00,2025-06-22 08:45:00,2025-06-22 03:28:00,2025-06,1.0833333333333333,-4.2,8.0,False,0.0,260.0,0.0,0.0,True,Hardware & Technical,Hardware & Technical,ML model prediction from opening text (prob: 0.62),True
TK-252792,2026-05-02 12:53,2026-05-02 14:15,2026-05-02 14:37,resolved,email,C101728,VR895869,VA-SW-NX2,Account & Login,Normal,Email Frontline,A3018,0.0,,,,N,"hey
your site keeps saying it sent me a code and my phone disagrees
my nexa 2 watch VR895869",see prev,helpdesk,2026-05-02 12:53:00,2026-05-02 14:15:00,2026-05-02 14:37:00,2026-05,1.3666666666666667,1.7333333333333334,8.0,False,0.0,260.0,0.0,0.0,True,Account & Login,Account & Login,ML model prediction from opening text (prob: 0.98),True
TK-249854,2026-01-31 11:14,2026-01-31 11:19,2026-02-05 12:07,resolved,chat,C101943,VR889821,VA-SW-NX2,Warranty & Repair,Normal,Escalations & Warranty,A3044,1.0,,,,Y,"Hi there, the Nexa 2 purchased last month, order VR889821. Strap pin came off. I bought a third-party strap. How do I get tihs fixed? Rgds, Abhishek",replacement strap dispatched (sop 3.1) //AAD,helpdesk,2026-01-31 11:14:00,2026-01-31 11:19:00,2026-02-05 12:07:00,2026-01,0.08333333333333333,120.88333333333334,0.25,False,0.0,210.0,1.0,305.0,True,Delivery & Shipping,Warranty & RMA,ML model prediction from opening text (prob: 0.75),False
TK-247715,2025-11-29 13:59,2025-11-29 15:02,2025-11-29 15:28,resolved,voice,C102413,VR882497,VA-EB-PL1,Charging & Battery,Normal,Voice Frontline,A3023,0.0,2.0,,,Y,Not what I expected from Vireo. Ordered pulse 1 2 weeks ago. only the right one lights up when I put them in the case. I already tried a different cable. This is the last time I buy from you.,"1. L bud no charge in case
2. Tested with cx on call
3. New unit shipped under DOA //ZOY",helpdesk,2025-11-29 13:59:00,2025-11-29 15:02:00,2025-11-29 15:28:00,2025-11,1.05,1.4833333333333334,2.0,False,0.0,520.0,0.0,0.0,True,Delivery & Shipping,Warranty & RMA,ML model prediction from opening text (prob: 0.51),False
TK-246919,2025-11-09 11:18,2025-11-09 13:21,2025-11-10 13:33,closed,social,C107821,,VA-HP-ST2,Delivery & Shipping,Normal,Logistics,A3027,0.0,4.0,,,N,"dear sir/madam,
ordered my strata 2 headphones 3 weeks back. package not delivered even after 10 days.
i called the courier.
honestly regretting this purchase.
how do i get this fixed?
thanks kavya",Cx says shipment not rcvd. Raised ticket with crr partner. Re-shipped from warehouse. (SOP 2.7),helpdesk,2025-11-09 11:18:00,2025-11-09 13:21:00,2025-11-10 13:33:00,2025-11,2.05,26.25,4.0,False,0.0,240.0,0.0,0.0,True,Delivery & Shipping,Delivery & Shipping,Rule match: Delivery / Courier tracking / Non-receipt issue,True
TK-250157,2026-02-09 18:50,2026-02-10 00:54,2026-02-13 01:22,resolved,email,C100200,,VA-HP-ST3,Billing & Payments,High,Billing,A3029,2.0,3.0,,,N,"hello, ordered my strata 3 headphones 3 weeks back. i haven't received my order, payment was done on 30/01. i checked the tracking page daily. nothing changed. i want my money back. thanks & regards, ramesh","payment confirmed on PG, this is a delivery delay. xfer logistics. re: order not delivered | checked awb with courier -> refund initiated as lost in transit | xfer logistics",helpdesk,2026-02-09 18:50:00,2026-02-10 00:54:00,2026-02-13 01:22:00,2026-02,6.066666666666666,78.53333333333333,8.0,False,0.0,260.0,2.0,610.0,True,Delivery & Shipping,Delivery & Shipping,Rule match: Delivery / Courier tracking / Non-receipt issue,True
TK-248908,2026-01-02 12:19,2026-01-02 12:44,2026-01-02 13:07,resolved,voice,C106819,VR907329,VA-EB-PL2,Connectivity,Low,Voice Frontline,A3025,0.0,3.0,,,Y,I have been a loyal customer and this is how you treat me.  I bought the Pulse 2 earbuds on August 08. it goes siilent for a second every few minutes and comes back. I already turned off wifi. Escalate this to someone senior.,issue: connection dropping | advised to test in different location -> new unit shipped under doa,helpdesk,2026-01-02 12:19:00,2026-01-02 12:44:00,2026-01-02 13:07:00,2026-01,0.4166666666666667,0.8,2.0,False,0.0,520.0,0.0,0.0,True,Delivery & Shipping,Hardware & Technical,ML model prediction from opening text (prob: 0.83),False
TK-244892,2025-09-07 19:53,2025-09-08 00:23,2025-09-07 19:36,resolved,social,C101012,VR909019,VA-EB-PL2,Billing & Payments,Normal,Billing,A3030,,3.0,,,N,"hii
paid but package not delivered even after 5 days
the pluse 2 earbuds VR909019
pls reply",payment ok. shipment issue. -> logistics Customer states delivery delayed. Raised ticket w/ crr partner. xfer to Logistics. Re-shipped from warehouse. Follow-up not required. (SOP 2.7) ~Imran,legacy_fd,2025-09-07 19:53:00,2025-09-08 00:23:00,2025-09-07 19:36:00,2025-09,4.5,-0.2833333333333333,4.0,True,350.0,240.0,0.0,0.0,True,Delivery & Shipping,Delivery & Shipping,Rule match: Delivery / Courier tracking / Non-receipt issue,True
TK-250074,2026-02-07 10:33,2026-02-07 10:35,2026-02-07 11:08,resolved,chat,C106741,VR906218,VA-HP-ST3,Connectivity,Normal,Chat Frontline,A3005,0.0,3.0,,,N,Honestly regretting this purchase. Got the strata 3 from vireo.in last month. my phone just doesn't see it in the list anymore. I already restarted the phone. This is the last time I buy from you.,done (SOP 2.7),helpdesk,2026-02-07 10:33:00,2026-02-07 10:35:00,2026-02-07 11:08:00,2026-02,0.03333333333333333,0.5833333333333334,0.25,False,0.0,210.0,0.0,0.0,True,Hardware & Technical,Hardware & Technical,ML model prediction from opening text (prob: 0.72),True
TK-252675,2026-04-28 17:43,2026-04-28 17:46,2026-04-28 18:06,resolved,chat,C102700,,VA-SP-ORB,Billing & Payments,High,Billing,A3035,0.0,,900.0,DUP-PAYMENT,N,"dear sir/madam,

i am writing with reference to my order of the orbit smart speaker placed on 16/04. card charged two times. i have waited a week. i request you to kindly arrange a replacement.

sincerely,
priya pereira",Cx reported charged twice. Confirmed UTRs. Full reefund processed (900). Cx satisfied on chat.,helpdesk,2026-04-28 17:43:00,2026-04-28 17:46:00,2026-04-28 18:06:00,2026-04,0.05,0.38333333333333336,0.25,False,0.0,210.0,0.0,0.0,True,Billing & Payments,Billing & Payments,ML model prediction from opening text (prob: 0.64),True
TK-247589,2025-11-26 07:13,2025-11-26 12:15,,open,email,C107986,VR904836,VA-SW-NX2,App & Firmware,Low,Email Frontline,A3019,1.0,3.0,,,N,"Product: the Nexa 2
Order: VR904836
Purchased: July 18
Issue: app crashes wehn I open device settings
Tried: reinstalled the app
Expected: resolution","bug logged, workaround shared. issue: app crashing. checked app version.",helpdesk,2025-11-26 07:13:00,2025-11-26 12:15:00,,2025-11,5.033333333333333,,8.0,False,0.0,260.0,1.0,305.0,True,Hardware & Technical,Hardware & Technical,ML model prediction from opening text (prob: 0.50),True
TK-254652,2026-06-29 22:57,2026-06-29 23:09,2026-06-29 23:24,resolved,chat,C105576,,VA-EB-PL1,Account & Login,Low,Chat Frontline,A3017,0.0,4.0,,,N,I have been a loyal customer and this is how you treat me. I bought pulse 1 on 26-04-2026. OTP not coming on my number. I already tried 5 times. Escalate this to someone senior,Cx reported unable to log in. Checcked OTP logs. Account unlocked.,helpdesk,2026-06-29 22:57:00,2026-06-29 23:09:00,2026-06-29 23:24:00,2026-06,0.2,0.45,0.25,False,0.0,210.0,0.0,0.0,True,Account & Login,Account & Login,Rule match: Account authentication / OTP issue,True
TK-242305,2025-05-10 08:01,2025-05-10 10:05,2025-05-10 04:54,resolved,email,C106813,,VA-SP-MINI,Other,Normal,Email Frontline,A3022,,3.0,,,N,"Dear Sir/Madam, This is regarding Orbit Mini. Typo in the flat number, courier will never find it. I tried editing in app. How do I get this fixed? Thank you Manpreet",cx: address update | updated address with crr -> address updated,legacy_fd,2025-05-10 08:01:00,2025-05-10 10:05:00,2025-05-10 04:54:00,2025-05,2.066666666666667,-3.1166666666666667,8.0,False,0.0,260.0,0.0,0.0,True,Delivery & Shipping,Delivery & Shipping,Rule match: Delivery / Courier tracking / Non-receipt issue,True
TK-248580,2025-12-22 21:23,2025-12-22 21:29,2025-12-24 21:58,resolved,chat,C105749,VR909495,VA-SP-MINI,Other,Low,Chat Frontline,A3011,0.0,,,,N,really frustrating. i bougth orbit mini on 08-12-2025. my order has not been delivered yet. i already checked with neighbours. escalate this to someone senior.,dlvry delayed | checked awb w/ courier -> rfnd initiated as lost in transit -SM,helpdesk,2025-12-22 21:23:00,2025-12-22 21:29:00,2025-12-24 21:58:00,2025-12,0.1,48.583333333333336,0.25,False,0.0,210.0,0.0,0.0,True,Delivery & Shipping,Delivery & Shipping,ML model prediction from opening text (prob: 0.85),True
TK-240975,2025-02-26 07:14,2025-02-26 09:50,2025-02-26 04:37,resolved,email,C101651,VR905732,VA-SW-NX2,Account & Login,Normal,Email Frontline,A3022,,,,,N,Got the Nexa 2 from vireo.in 3 weeks back. Not recieving OTP to login. Please resolve asap.,"1. unable to log in
2. checked otp logs
3. number updated, rslvd",legacy_fd,2025-02-26 07:14:00,2025-02-26 09:50:00,2025-02-26 04:37:00,2025-02,2.6,-2.6166666666666667,8.0,False,0.0,260.0,0.0,0.0,True,Account & Login,Account & Login,Rule match: Account authentication / OTP issue,True
TK-245730,2025-10-06 19:54,2025-10-06 19:55,2025-10-06 20:18,resolved,chat,C108457,VR905950,VA-EB-PL2,Audio Quality,Normal,Chat Frontline,A3013,0.0,2.0,,,N,"dear sir/madam,

i am writing with reference to my order of my pulse 2 (vr905950) placed on 03-09-2025.  buzzing sound from the speaker. i have tried wired mode. i request you to process a refund to my original payment method.

regards,
manish goyal
nagpur","adv EQ reset, resolved. Issue: static noise in audio. Asked for a recording. //SNE",helpdesk,2025-10-06 19:54:00,2025-10-06 19:55:00,2025-10-06 20:18:00,2025-10,0.016666666666666666,0.4,0.25,False,0.0,210.0,0.0,0.0,True,Hardware & Technical,Hardware & Technical,ML model prediction from opening text (prob: 0.46),True
TK-242847,2025-06-09 13:00,2025-06-09 13:15,2025-06-14 12:28,resolved,voice,C104408,VR901475,VA-SW-NX1,Warranty & Repair,Normal,Escalations & Warranty,A3043,,4.0,,,N,Not acceptable at this price. Order VR901475 (my Nexa). what is the status of my warranty claim. I already called service centre. Refund. Now.,"Cx reported RMA status query. Checked RMA status. Cx updated, ETA shared. ~Meera",legacy_fd,2025-06-09 13:00:00,2025-06-09 13:15:00,2025-06-14 12:28:00,2025-06,0.25,119.46666666666667,2.0,False,0.0,520.0,0.0,0.0,True,Warranty & RMA,Warranty & RMA,Rule match: RMA / Warranty service indicator,True
TK-249322,2026-01-15 12:29,2026-01-15 13:21,2026-01-15 13:36,resolved,email,C108250,VR880291,VA-AC-CH65,Product Enquiry,High,Email Frontline,A3021,0.0,,,,N,"hii
will this survive a shower
??",cx ok //SIM,helpdesk,2026-01-15 12:29:00,2026-01-15 13:21:00,2026-01-15 13:36:00,2026-01,0.8666666666666667,1.1166666666666667,8.0,False,0.0,260.0,0.0,0.0,True,Product Enquiry,Product Enquiry,Rule match: Pre-sales / Product feature query,True
TK-242557,2025-05-24 10:26,2025-05-24 11:35,2025-05-24 06:14,resolved,email,C101787,VR899377,VA-HP-ST3,Other,Normal,Email Frontline,A3020,,,1260.0,CANCEL,N,"hello
want to cancel my order
??","rfnd approved, Rs 1260, 5-7 working days. Issue: cancel ord. chk shipment status.",legacy_fd,2025-05-24 10:26:00,2025-05-24 11:35:00,2025-05-24 06:14:00,2025-05,1.15,-4.2,8.0,False,0.0,260.0,0.0,0.0,True,Delivery & Shipping,Delivery & Shipping,ML model prediction from opening text (prob: 0.73),True
TK-245003,2025-09-10 23:13,2025-09-10 23:16,2025-09-10 17:54,resolved,chat,C107849,VR904659,VA-SW-NX2,Account & Login,Normal,Chat Frontline,A3002,,5.0,,,N,"this is very disappointing. my nexa 2 watch purchased 2 weeks ago, order vr904659. cannot login to my account. i already tried on another browser. escalate this to someone senior.",closed (SOP 3.1) -VG,legacy_fd,2025-09-10 23:13:00,2025-09-10 23:16:00,2025-09-10 17:54:00,2025-09,0.05,-5.316666666666666,0.25,False,0.0,210.0,0.0,0.0,True,Account & Login,Account & Login,Rule match: Account authentication / OTP issue,True
TK-248840,2025-12-31 14:08,2025-12-31 14:11,2025-12-31 14:29,resolved,chat,C100518,VR903146,VA-SP-ORB,Other,Normal,Chat Frontline,A3010,0.0,3.0,5999.0,DUP-PAYMENT,N,"hii
pamyent was deducted but no oder was created","Cust contacted re payment debited, no ord. Confirmed w/ payment gateway. Refund of Rs 5999 initiated to source.",helpdesk,2025-12-31 14:08:00,2025-12-31 14:11:00,2025-12-31 14:29:00,2025-12,0.05,0.35,0.25,False,0.0,210.0,0.0,0.0,True,Delivery & Shipping,Other / Unclear,ML model prediction from opening text (prob: 0.54),False
TK-254028,2026-06-10 16:48,2026-06-10 16:52,2026-06-10 17:12,resolved,chat,C104049,,VA-EB-PL2,Billing & Payments,High,Billing,A3035,0.0,,499.0,DUP-PAYMENT,N,"Hi team, I bought Pulse2 on 10 Jun. UPI shows success, your app shows nothing. I checked bank statement. Waiing for your reply. Regards,",- (SOP 5.4),helpdesk,2026-06-10 16:48:00,2026-06-10 16:52:00,2026-06-10 17:12:00,2026-06,0.06666666666666667,0.4,0.25,False,0.0,210.0,0.0,0.0,True,Hardware & Technical,Billing & Payments,ML model prediction from opening text (prob: 0.87),False
TK-254206,2026-06-15 19:55,2026-06-15 20:01,2026-06-16 20:24,resolved,chat,C106630,VR887092,VA-EB-PL2,Returns & Refunds,Normal,Returns Desk,A3036,0.0,,,,N,"Product: Pulse2
Purchased: 28/05
Issue: refund not received yet
Tried: emailed twice
Expected: fix","1. Refund pending
2. Checked refund status on PG
3. Refund confirmed credited",helpdesk,2026-06-15 19:55:00,2026-06-15 20:01:00,2026-06-16 20:24:00,2026-06,0.1,24.483333333333334,0.25,False,0.0,210.0,0.0,0.0,True,Returns & Refunds,Returns & Refunds,ML model prediction from opening text (prob: 0.86),True
TK-244068,2025-08-09 19:23,2025-08-09 20:38,2025-08-14 15:28,resolved,email,C109048,VR902771,VA-EB-PL2,Delivery & Shipping,High,Logistics,A3030,,2.0,,,N,"Hi team,
Got Pulse 2 from vireo.in a mnth ago. I haven't received my order.
I checked the tracking page daily. Nothing changed.
Waiting for your reply.
Thanks & regards,","Cx reported shipment not received. conf address w/ cx. RTO conf, reshipped. Cx satisfied on chat. (SOP 4.2)",legacy_fd,2025-08-09 19:23:00,2025-08-09 20:38:00,2025-08-14 15:28:00,2025-08,1.25,116.08333333333333,8.0,False,0.0,260.0,0.0,0.0,True,Delivery & Shipping,Delivery & Shipping,Rule match: Delivery / Courier tracking / Non-receipt issue,True
TK-243421,2025-07-12 09:14,2025-07-12 09:15,2025-07-12 04:09,closed,chat,C104953,VR890768,VA-HP-ST3,Audio Quality,Normal,Chat Frontline,A3004,,,,,Y,"To the Vireo Customer Care Team,

I am writing w/ reference to my order of Strata 3 (VR890768) placed on 25/05.  Only one side plays sound. I have tried different phone. I request u to provide a resolution within 3 working days.

Yours faithfully,
Tanvi Patil",re: right side silent | asked cx to check bud in case -> new unit shipped under doa,legacy_fd,2025-07-12 09:14:00,2025-07-12 09:15:00,2025-07-12 04:09:00,2025-07,0.016666666666666666,-5.083333333333333,0.25,False,0.0,210.0,0.0,0.0,True,Delivery & Shipping,Hardware & Technical,ML model prediction from opening text (prob: 0.38),False
TK-243750,2025-07-28 07:23,2025-07-28 07:28,,pending,chat,C102060,VR883143,VA-SW-FIT,Account & Login,Normal,Chat Frontline,A3012,,,,,N,"hi team, got teh fit band from vireo.in 10 days ago. your site keeps saying it sent me a code and my phone disagrees. i tried on anothre browser. nothing changed. this is very disappointing. please resove asap.","login issue | checked otp logs -> number updated, rslvd -SS",legacy_fd,2025-07-28 07:23:00,2025-07-28 07:28:00,,2025-07,0.08333333333333333,,0.25,False,0.0,210.0,0.0,0.0,True,Account & Login,Account & Login,ML model prediction from opening text (prob: 0.83),True
TK-240512,2025-01-26 18:33,2025-01-26 18:36,2025-01-28 13:18,resolved,chat,C101536,,VA-HP-ST2,Other,High,Chat Frontline,A3010,,,,,N,"THE COURIER MARKED IT DELIVERED BUT NOBODY IN MY HOUSE GOT ANYTHING, PLEASE HELP","cx reached out - dlvry delayed. conf address w/ cx. Courier conf dlvry for 28 Jan, cx informed.",legacy_fd,2025-01-26 18:33:00,2025-01-26 18:36:00,2025-01-28 13:18:00,2025-01,0.05,42.75,0.25,False,0.0,210.0,0.0,0.0,True,Delivery & Shipping,Delivery & Shipping,Rule match: Delivery / Courier tracking / Non-receipt issue,True
TK-251227,2026-03-16 11:25,2026-03-16 12:12,2026-03-16 12:32,resolved,voice,C103465,VR896344,VA-EB-PL2,Connectivity,Normal,Voice Frontline,A3025,0.0,,,,N,[IVR transcript] hello bluetooth pairing fails every time hello??,"cx: pairing failure | asked cx to reset the device -> advised fw update via app, resolved",helpdesk,2026-03-16 11:25:00,2026-03-16 12:12:00,2026-03-16 12:32:00,2026-03,0.7833333333333333,1.1166666666666667,2.0,False,0.0,520.0,0.0,0.0,True,Hardware & Technical,Hardware & Technical,Rule match: Hardware / Audio / Battery / Connection defect,True
TK-251158,2026-03-13 19:24,2026-03-13 19:25,2026-03-13 20:15,resolved,chat,C101747,,VA-EB-PL2,Audio Quality,Normal,Chat Frontline,A3011,0.0,,,,N,one of them is just decoration at this point,single side audio only | walked through reset -> replacement raised -SM,helpdesk,2026-03-13 19:24:00,2026-03-13 19:25:00,2026-03-13 20:15:00,2026-03,0.016666666666666666,0.85,0.25,False,0.0,210.0,0.0,0.0,True,Hardware & Technical,Hardware & Technical,ML model prediction from opening text (prob: 0.65),True
TK-241343,2025-03-19 13:44,2025-03-19 13:51,2025-03-19 08:44,resolved,chat,C101383,,VA-SP-ORB,App & Firmware,Normal,Chat Frontline,A3015,,,,,N,the Vireo app keeps crashing,"customer reached out - app crashing. asked for phone model + os. advised beta build, resolved. (sop 3.1)",legacy_fd,2025-03-19 13:44:00,2025-03-19 13:51:00,2025-03-19 08:44:00,2025-03,0.11666666666666667,-5.0,0.25,False,0.0,210.0,0.0,0.0,True,Hardware & Technical,Hardware & Technical,ML model prediction from opening text (prob: 0.83),True
TK-241125,2025-03-06 12:07,2025-03-06 12:35,2025-03-06 07:17,resolved,social,C106211,VR903420,VA-SP-ORB,Other,Normal,Chat Frontline,A3014,,,11398.0,CANCEL,N,"product: my orbit
order: vr903420
purchased: 26 feb
issue: please cancel, ordered by mistake
tried: tried cancel button, greyed out
expected: replacement","1. ord cancellation
2. Cancelled before dispatch
3. Reufnded Rs 11398 ~Rohan",legacy_fd,2025-03-06 12:07:00,2025-03-06 12:35:00,2025-03-06 07:17:00,2025-03,0.4666666666666667,-4.833333333333333,4.0,False,0.0,240.0,0.0,0.0,True,Delivery & Shipping,Delivery & Shipping,ML model prediction from opening text (prob: 0.74),True
TK-251913,2026-04-06 20:29,2026-04-06 23:50,2026-04-11 00:49,resolved,social,C103267,VR887943,VA-EB-PL2,Other,Normal,Chat Frontline,A3044,1.0,5.0,,,N,"dear sir/madam,

i am writing with reference to my order of the pusle 2 earbuds (vr887943) placed on 05-02-2026. it connects for a second and then vanishes from the device list. i haev restarted the phone. i request you to process a refudn to my original payment method.

regards,
rohit khanna",see prev //AAD,helpdesk,2026-04-06 20:29:00,2026-04-06 23:50:00,2026-04-11 00:49:00,2026-04,3.35,100.33333333333333,4.0,False,0.0,240.0,1.0,305.0,True,Hardware & Technical,Hardware & Technical,ML model prediction from opening text (prob: 0.54),True
TK-253874,2026-06-05 18:02,2026-06-05 22:01,2026-06-05 22:46,resolved,email,C107917,VR894310,VA-SW-NX2,App & Firmware,Normal,Email Frontline,A3001,0.0,,,,N,after the update prompt it went dark and never came back,firmware update failed | asked cx to keep in case 30 min -> update completed after retry ~Abhishek,helpdesk,2026-06-05 18:02:00,2026-06-05 22:01:00,2026-06-05 22:46:00,2026-06,3.9833333333333334,4.733333333333333,8.0,False,0.0,260.0,0.0,0.0,True,Hardware & Technical,Hardware & Technical,ML model prediction from opening text (prob: 0.85),True
TK-250594,2026-02-23 14:46,2026-02-23 14:47,2026-02-23 15:15,closed,chat,C107425,VR890951,VA-EB-PL2,Charging & Battery,Normal,Chat Frontline,A3013,0.0,,,,N,"Dear Sir/Madam,

I am writing wtih reference to my order of my Pulse 2 placed on 03/12. Battery draining even when not in use. I HAVE UPDATED THE APP. I request you to provide a resolution within 3 working days.

Sincerely,
Lakshmi Chauhan",esc to wty. Issue: poor battery backup. chk usage pattern with cx. //SNE,helpdesk,2026-02-23 14:46:00,2026-02-23 14:47:00,2026-02-23 15:15:00,2026-02,0.016666666666666666,0.48333333333333334,0.25,False,0.0,210.0,0.0,0.0,True,Hardware & Technical,Hardware & Technical,Rule match: Hardware / Audio / Battery / Connection defect,True
TK-240049,2024-09-13 11:27,2024-09-13 11:43,2024-09-15 06:45,resolved,chat,C103350,VR896211,VA-EB-PL1,Billing & Payments,High,Billing,A3029,,2.0,,,N,"This is very disappointing. Got Pulse earbuds from Amazon last week. 12 days since payment, u have no idea where it is & neither do I. I already chcked w/ neighbours. Fix this or I am posting on twitter","payment confirmed on PG, this is a delivery delay. xfer logistics. delivery delayed | confirmed address with cx -> re-shipped from warehouse | xfer logistics",legacy_fd,2024-09-13 11:27:00,2024-09-13 11:43:00,2024-09-15 06:45:00,2024-09,0.26666666666666666,43.3,0.25,True,350.0,210.0,0.0,0.0,False,Delivery & Shipping,Delivery & Shipping,ML model prediction from opening text (prob: 0.56),True
TK-253393,2026-05-21 18:23,2026-05-21 18:56,2026-05-21 19:14,resolved,chat,C105119,,VA-EB-PL1,Charging & Battery,Normal,Chat Frontline,A3010,0.0,2.0,,,Y,"hi team, got pulse earbuds from flipkart 2 weeks ago. plugging in does nothing on the case, cable works on my phone. please help","Cx says charging case dead. Asked cx to try different cable + adaptor. rplc raised, RMA shared w/ cx.",helpdesk,2026-05-21 18:23:00,2026-05-21 18:56:00,2026-05-21 19:14:00,2026-05,0.55,0.85,0.25,True,350.0,210.0,0.0,0.0,True,Warranty & RMA,Warranty & RMA,ML model prediction from opening text (prob: 0.40),True
TK-249218,2026-01-11 22:11,2026-01-11 23:46,2026-01-14 00:26,resolved,email,C109059,VR904614,VA-SP-ORB,Billing & Payments,Normal,Billing,A3027,1.0,2.0,,,N,"Hello Vireo, Order VR904614 (the Orbit smart speaker). Order not delivered, tracking not updating. Waiting for your reply.","payment conf on PG, this is a dlvry delay. xfer logistics. Reported: shipment not rcvd. conf address w/ cx. Transferred to Logistics. Re-shipped from warehouse.",helpdesk,2026-01-11 22:11:00,2026-01-11 23:46:00,2026-01-14 00:26:00,2026-01,1.5833333333333333,50.25,8.0,False,0.0,260.0,1.0,305.0,True,Delivery & Shipping,Delivery & Shipping,Rule match: Delivery / Courier tracking / Non-receipt issue,True
TK-247053,2025-11-12 16:24,2025-11-12 17:01,2025-11-12 17:13,resolved,social,C106088,VR882830,VA-EB-PL1,Delivery & Shipping,Normal,Logistics,A3029,0.0,,,,N,"Dear team, I bought the Pulse buds on October 31.  Tracking has said out for delivery for a week now. How do I get this fixed? Regards",cx: order not delivered | confirmed address with cx -> refund initiated as lost in transit,helpdesk,2025-11-12 16:24:00,2025-11-12 17:01:00,2025-11-12 17:13:00,2025-11,0.6166666666666667,0.8166666666666667,4.0,False,0.0,240.0,0.0,0.0,True,Delivery & Shipping,Delivery & Shipping,Rule match: Delivery / Courier tracking / Non-receipt issue,True
TK-250936,2026-03-06 17:41,2026-03-06 20:19,2026-03-06 20:38,resolved,email,C102509,VR884048,VA-EB-PL2,Billing & Payments,Normal,Billing,A3035,0.0,3.0,595.0,PRICE-ADJ,N,"hey,
order vr884048 (my pulse 2). discount was not applied at checkout.
i tried in caps. nothing changed.
waiting for your reply.",Ticket raised for discount not applied. Checked cart eligibility. Refunded Rs 595. Case closed with cx consent. (SOP 2.7),helpdesk,2026-03-06 17:41:00,2026-03-06 20:19:00,2026-03-06 20:38:00,2026-03,2.6333333333333333,2.95,8.0,False,0.0,260.0,0.0,0.0,True,Hardware & Technical,Billing & Payments,ML model prediction from opening text (prob: 0.86),False
TK-244069,2025-08-09 19:31,2025-08-09 19:45,2025-08-09 14:24,resolved,social,C107395,VR895347,VA-EB-PL1,Account & Login,Normal,Chat Frontline,A3010,,,,,N,"team,
otp not coming on my number
urgent",Reported: login issue. chk OTP logs. Account unlocked.,legacy_fd,2025-08-09 19:31:00,2025-08-09 19:45:00,2025-08-09 14:24:00,2025-08,0.23333333333333334,-5.116666666666666,4.0,False,0.0,240.0,0.0,0.0,True,Account & Login,Account & Login,Rule match: Account authentication / OTP issue,True
TK-243411,2025-07-11 12:58,2025-07-11 13:02,2025-07-11 07:44,resolved,chat,C101536,,VA-SP-ORB,Delivery & Shipping,High,Logistics,A3028,,2.0,5399.0,LOST-TRANSIT,N,"HII
I HAVEN'T RECEIVED MY ORDER
MY ORBIT","1. dlvry delayed
2. raised ticket w/ crr partner
3. refunded rs 5399",legacy_fd,2025-07-11 12:58:00,2025-07-11 13:02:00,2025-07-11 07:44:00,2025-07,0.06666666666666667,-5.233333333333333,0.25,False,0.0,210.0,0.0,0.0,True,Delivery & Shipping,Delivery & Shipping,ML model prediction from opening text (prob: 0.72),True
TK-251215,2026-03-15 20:11,2026-03-15 20:13,2026-03-17 20:29,resolved,chat,C100582,,VA-SW-NX2,Returns & Refunds,Normal,Returns Desk,A3036,0.0,,1300.0,RETURN-QC-OK,N,"helo
refund not received yet
help",re: refund pending | checked reverse pickup qc status -> refund confirmed credited ~Pranav,helpdesk,2026-03-15 20:11:00,2026-03-15 20:13:00,2026-03-17 20:29:00,2026-03,0.03333333333333333,48.3,0.25,False,0.0,210.0,0.0,0.0,True,Returns & Refunds,Returns & Refunds,ML model prediction from opening text (prob: 0.91),True
TK-245139,2025-09-15 20:49,2025-09-15 21:14,2025-09-15 21:35,resolved,voice,C106187,VR902613,VA-SW-NX2,Billing & Payments,Normal,Billing,A3035,0.0,4.0,5199.0,DUP-PAYMENT,N,[IVR transcript] two entries of Rs 1799 on my statement for one pair of earbuds - VR902613,Customer reached out - duplicate payment. Checked PG for duplicate txn. Refund of Rs 5199 initiated to source. Cx informed. (SOP 3.1),helpdesk,2025-09-15 20:49:00,2025-09-15 21:14:00,2025-09-15 21:35:00,2025-09,0.4166666666666667,0.7666666666666667,2.0,False,0.0,520.0,0.0,0.0,True,Hardware & Technical,Billing & Payments,ML model prediction from opening text (prob: 0.82),False
TK-249009,2026-01-05 12:06,2026-01-05 13:16,2026-01-08 13:35,resolved,email,C105663,VR908328,VA-EB-PL2,Returns & Refunds,Low,Returns Desk,A3037,0.0,,2974.0,RETURN-QC-OK,N,"team,
the return was accepted but the amount is nowhere in my account
abhi tak kuch nahi hua
my pulse 2 VR908328",refuund not credited | chk reverse pickup qc status -> arn shared with cx,helpdesk,2026-01-05 12:06:00,2026-01-05 13:16:00,2026-01-08 13:35:00,2026-01,1.1666666666666667,73.48333333333333,8.0,False,0.0,260.0,0.0,0.0,True,Returns & Refunds,Returns & Refunds,ML model prediction from opening text (prob: 0.74),True
TK-243217,2025-06-28 23:56,2025-06-28 23:59,2025-07-01 18:59,resolved,chat,C106805,VR889594,VA-SW-NX1,Delivery & Shipping,High,Logistics,A3027,,,,,Y,there's a dent on the case straight out of the box. vr889594,"Cx reported damaged in transit. chk w/ crr for damage claim. rplc raised, RMA shared w/ cx.",legacy_fd,2025-06-28 23:56:00,2025-06-28 23:59:00,2025-07-01 18:59:00,2025-06,0.05,67.05,0.25,False,0.0,210.0,0.0,0.0,True,Warranty & RMA,Delivery & Shipping,ML model prediction from opening text (prob: 0.39),False
TK-241864,2025-04-14 15:01,2025-04-14 15:06,2025-04-15 09:52,resolved,chat,C100683,VR905988,VA-SP-MINI,Delivery & Shipping,Low,Logistics,A3029,,,,,N,"hii
ordeer not delivered, tracking not updating
orbit mini","re: order not delivered | checked awb with courier -> rto confirmed, reshipped",legacy_fd,2025-04-14 15:01:00,2025-04-14 15:06:00,2025-04-15 09:52:00,2025-04,0.08333333333333333,18.85,0.25,False,0.0,210.0,0.0,0.0,True,Delivery & Shipping,Delivery & Shipping,Rule match: Delivery / Courier tracking / Non-receipt issue,True
TK-246287,2025-10-23 02:02,2025-10-23 02:11,2025-10-25 03:19,resolved,chat,C102786,VR905349,VA-SW-NX2,Warranty & Repair,Normal,Escalations & Warranty,A3040,0.0,,,,Y,"Namaste,
Ordered Nexa 2 2 weeks ago.  Screen is unresponsive.
How do I get this fixed?","1. Touch issue
2. Asked for videeo
3. Replacement raised, RMA shared with cx",helpdesk,2025-10-23 02:02:00,2025-10-23 02:11:00,2025-10-25 03:19:00,2025-10,0.15,49.28333333333333,0.25,False,0.0,210.0,0.0,0.0,True,Warranty & RMA,Warranty & RMA,ML model prediction from opening text (prob: 0.73),True
TK-240358,2025-01-15 15:31,2025-01-15 15:33,2025-01-15 10:26,resolved,chat,C101217,VR895584,VA-HP-ST3,Billing & Payments,High,Billing,A3035,,,,,N,"Hi, Got my Strata 3 headphones frmo vireo.in 2 weeks ago.  Cuopon code not working. Need this sorted this week. Please revert Geeta",Ticket raised for coupon not applied. Checked coupon validity. Partial refund of discount amount issued. Closing. (SOP 3.1),legacy_fd,2025-01-15 15:31:00,2025-01-15 15:33:00,2025-01-15 10:26:00,2025-01,0.03333333333333333,-5.083333333333333,0.25,False,0.0,210.0,0.0,0.0,True,Billing & Payments,Billing & Payments,ML model prediction from opening text (prob: 0.19),True
TK-245595,2025-10-02 15:16,2025-10-02 15:16,2025-10-02 15:43,resolved,chat,C103262,,VA-EB-PL2,Billing & Payments,High,Billing,A3035,0.0,,1662.0,DUP-PAYMENT,N,"Hi Vireo support, I bought the Pulse 2 earbuds on 27/09. Paid via UPI, amount deducted, no order confirmation. I waited 24 hours. Nothing changed. How do I get this fixed? Thanks in advance, Abhishek",Cx reported amount deducted without order. Confirmeed with payment gateway. Refunded Rs 1662. Will monitor. (SOP 2.7),helpdesk,2025-10-02 15:16:00,2025-10-02 15:16:00,2025-10-02 15:43:00,2025-10,0.0,0.45,0.25,False,0.0,210.0,0.0,0.0,True,Warranty & RMA,Delivery & Shipping,Rule match: Delivery / Courier tracking / Non-receipt issue,False
TK-253740,2026-06-02 07:39,2026-06-02 07:45,2026-06-05 08:19,resolved,chat,C102643,,VA-HP-ST3,Returns & Refunds,Normal,Returns Desk,A3037,0.0,,6999.0,RETURN-QC-OK,N,"team,
refund not received yet
my strata 3 headphones",issue: refund not credited | chk refund status on pg -> arn sharde with cx,helpdesk,2026-06-02 07:39:00,2026-06-02 07:45:00,2026-06-05 08:19:00,2026-06,0.1,72.66666666666667,0.25,False,0.0,210.0,0.0,0.0,True,Returns & Refunds,Returns & Refunds,ML model prediction from opening text (prob: 0.95),True
TK-248296,2025-12-14 09:25,2025-12-14 12:43,2025-12-19 13:11,resolved,email,C105210,,VA-HP-ST3,Delivery & Shipping,High,Logistics,A3028,0.0,,5599.0,DOA-REPL,N,Not what I expected from Vireo. Ordered the strata 3 10 days ago. screen has a crck before I even switched it on. I alreaady refused nothing as I didn't notice till later. This is the lat tme I buy from you.,cx states unit rcvd damaged. chk w/ crr for damage claim. rfnd of rs 5599 initiated to source.,helpdesk,2025-12-14 09:25:00,2025-12-14 12:43:00,2025-12-19 13:11:00,2025-12,3.3,123.76666666666667,8.0,False,0.0,260.0,0.0,0.0,True,Delivery & Shipping,Warranty & RMA,ML model prediction from opening text (prob: 0.38),False
TK-249444,2026-01-19 11:59,2026-01-20 05:49,2026-01-23 07:02,resolved,email,C102154,VR894989,VA-EB-PL2,Warranty & Repair,Normal,Escalations & Warranty,A3039,0.0,,3499.0,DOA-REPL,N,"hi
no light comes on the case when i plug it in
my pulse 2 vr894989",see prev,helpdesk,2026-01-19 11:59:00,2026-01-20 05:49:00,2026-01-23 07:02:00,2026-01,17.833333333333332,91.05,8.0,True,350.0,260.0,0.0,0.0,True,Warranty & RMA,Hardware & Technical,ML model prediction from opening text (prob: 0.43),False
TK-254667,2026-06-30 20:53,2026-06-30 20:56,2026-06-30 21:27,resolved,chat,C107579,VR882984,VA-EB-PL2,Delivery & Shipping,Low,Logistics,A3029,0.0,3.0,,,Y,"PRODUCT: MY PULSE 2
PURCHASED: 19/06
ISSUE: GOT A DIFFERENT COLOUR THAN ORDERED
TRIED: RECHECKED MY ORDER
EXPECTED: REFUND",re: wrong variant received | verified order vs delivered item photos -> new unit shipped under doa,helpdesk,2026-06-30 20:53:00,2026-06-30 20:56:00,2026-06-30 21:27:00,2026-06,0.05,0.5666666666666667,0.25,False,0.0,210.0,0.0,0.0,True,Delivery & Shipping,Returns & Refunds,ML model prediction from opening text (prob: 0.36),False
TK-250700,2026-02-26 20:16,2026-02-26 21:58,2026-02-26 22:16,resolved,email,C108162,,VA-SW-NX2,Billing & Payments,High,Billing,A3037,1.0,5.0,,,N,"to teh viroe customer care team,

i am writing wiht reference to my order of the nexa 2 placed on 12-02-2026. need gst invoice for my order. i have tried different browser. i request you to process a refund to my original paymeent method.

regards,
rohan dseai",cx: gst invoice request | regenerated invice -> invoice emailed | xfer retturns desk,helpdesk,2026-02-26 20:16:00,2026-02-26 21:58:00,2026-02-26 22:16:00,2026-02,1.7,2.0,8.0,False,0.0,260.0,1.0,305.0,True,Billing & Payments,Billing & Payments,ML model prediction from opening text (prob: 0.49),True
TK-248245,2025-12-12 20:14,2025-12-12 22:07,2025-12-12 22:45,resolved,email,C104259,,VA-AC-CASE,Billing & Payments,High,Billing,A3034,0.0,4.0,650.0,DUP-PAYMENT,N,"Got the charging case I odrered from vireo.in recently. My bank shows the same amount twice on the same day.
I checked with bank.
Waiting for your reply.","refund approved, rs 650, 5-7 working days. issue: charged twice. confirmed utrs. ~Megha",helpdesk,2025-12-12 20:14:00,2025-12-12 22:07:00,2025-12-12 22:45:00,2025-12,1.8833333333333333,2.5166666666666666,8.0,False,0.0,260.0,0.0,0.0,True,Billing & Payments,Hardware & Technical,Rule match: Hardware / Audio / Battery / Connection defect,False
TK-240293,2025-01-11 09:22,2025-01-11 10:07,2025-01-14 04:59,resolved,email,C101201,,VA-EB-AIR,Returns & Refunds,Low,Returns Desk,A3037,,,1529.0,RETURN-QC-OK,N,"refund was promised 12 days ago and nothing
please help",-,legacy_fd,2025-01-11 09:22:00,2025-01-11 10:07:00,2025-01-14 04:59:00,2025-01,0.75,67.61666666666666,8.0,False,0.0,260.0,0.0,0.0,True,Returns & Refunds,Returns & Refunds,ML model prediction from opening text (prob: 0.91),True
TK-241846,2025-04-13 14:59,2025-04-14 00:41,2025-04-13 19:23,resolved,email,C103812,VR892187,VA-SW-NX2,Returns & Refunds,High,Returns Desk,A3038,,,,,N,"Hey, I bought my Nexa 2 watch on 09/04. The box says my Nexa 2 watch but what's inside is not what I paid for. I rechecked my order. Nothing changed. Waiting for your reply. Thank you,","1. Incorrect product shipped
2. Verified order vs delivered item photos
3. Refund issued, cx did not want replacement (SOP 3.1) [closed]",legacy_fd,2025-04-13 14:59:00,2025-04-14 00:41:00,2025-04-13 19:23:00,2025-04,9.7,4.4,8.0,True,350.0,260.0,0.0,0.0,True,Delivery & Shipping,Delivery & Shipping,Rule match: Delivery / Courier tracking / Non-receipt issue,True
TK-248099,2025-12-08 23:23,2025-12-08 23:26,2025-12-08 23:59,resolved,chat,C103427,VR892434,VA-EB-PL2,Audio Quality,Normal,Chat Frontline,A3017,0.0,,,,N,"hi
mic not working on calls
pulse 2 buds","1. Mic not working on calls
2. Tested on call with cx
3. rplc raised",helpdesk,2025-12-08 23:23:00,2025-12-08 23:26:00,2025-12-08 23:59:00,2025-12,0.05,0.6,0.25,False,0.0,210.0,0.0,0.0,True,Hardware & Technical,Returns & Refunds,ML model prediction from opening text (prob: 0.46),False
TK-241832,2025-04-12 21:28,2025-04-12 22:08,,open,voice,C102498,VR906902,VA-EB-PL1,Billing & Payments,Normal,Billing,A3032,,3.0,,,N,"hello
need the bill with my firm's gstin on it",issue: invoice query | updated gstin on order -> gst invoice regenerated & shared [closed],legacy_fd,2025-04-12 21:28:00,2025-04-12 22:08:00,,2025-04,0.6666666666666666,,2.0,False,0.0,520.0,0.0,0.0,True,Billing & Payments,Billing & Payments,ML model prediction from opening text (prob: 0.87),True
TK-251761,2026-04-02 11:30,2026-04-02 14:58,2026-04-02 15:14,resolved,email,C104467,VR905281,VA-HP-ST3,Other,Normal,Email Frontline,A3018,0.0,,,,N,"hii
is the strata 3 compatible with my tv
the straat 3 vr905281
hello??",ticket raised for pre-sales query. shared compatibility info. query answered. cx satisfied on chat.,helpdesk,2026-04-02 11:30:00,2026-04-02 14:58:00,2026-04-02 15:14:00,2026-04,3.466666666666667,3.7333333333333334,8.0,False,0.0,260.0,0.0,0.0,True,Product Enquiry,Product Enquiry,ML model prediction from opening text (prob: 0.97),True
TK-246273,2025-10-22 15:05,2025-10-22 15:06,2025-10-27 15:27,resolved,chat,C101046,,VA-AC-CASE,Delivery & Shipping,Normal,Logistics,A3029,0.0,2.0,,,N,"Not acceptable at this price. This is regarding replacement case. I haven't received my order. I already checked the tracking page daily. I want a replacement or refund, nothing else.","cx: shipment not received | confirmed address with cx -> courier confirmed delivery for 23 oct, cx informed",helpdesk,2025-10-22 15:05:00,2025-10-22 15:06:00,2025-10-27 15:27:00,2025-10,0.016666666666666666,120.36666666666666,0.25,False,0.0,210.0,0.0,0.0,True,Delivery & Shipping,Delivery & Shipping,Rule match: Delivery / Courier tracking / Non-receipt issue,True
TK-254379,2026-06-21 10:28,2026-06-21 16:47,2026-06-23 17:08,resolved,email,C106921,,VA-EB-PL2,Delivery & Shipping,Normal,Logistics,A3030,0.0,,,,N,"Hey, Bought Pulse2 around June 14 from vireo.in.  Package not delivered even after 17 days. I checked with neighbours. Nothing changed. I am losing patience. Please advise. Please revert, Sameer",Customer reached out - order not delivered. conf address with cx. rfnd initiated as lost in transit. Case closed with cx consent. ~Imran,helpdesk,2026-06-21 10:28:00,2026-06-21 16:47:00,2026-06-23 17:08:00,2026-06,6.316666666666666,54.666666666666664,8.0,False,0.0,260.0,0.0,0.0,True,Delivery & Shipping,Delivery & Shipping,Rule match: Delivery / Courier tracking / Non-receipt issue,True
TK-251565,2026-03-26 22:13,2026-03-27 04:29,2026-03-27 05:08,resolved,email,C107048,VR896296,VA-EB-PL1,Charging & Battery,Normal,Email Frontline,A3016,0.0,4.0,,,N,"the promised 30 hours is nowhere close, i get maybe 2, vr896296","cx: rapid battery drain | chk usage pattern with cx -> fw update pushed, advised to monitor ~Ritika",helpdesk,2026-03-26 22:13:00,2026-03-27 04:29:00,2026-03-27 05:08:00,2026-03,6.266666666666667,6.916666666666667,8.0,False,0.0,260.0,0.0,0.0,True,Hardware & Technical,Hardware & Technical,ML model prediction from opening text (prob: 0.63),True
TK-254354,2026-06-20 14:52,2026-06-20 15:06,2026-06-24 16:03,resolved,voice,C100981,,VA-SW-NX2,App & Firmware,Normal,Voice Frontline,A3042,1.0,,,,N,"[IVR transcript] This is regarding Nexa 2.  Cannot pair Nexa 2 with my laptop. Kindly look into it. Thanks in advance,","customer reached out - unable to pair with phone. checked phone os version. transferred to escalations & warranty. advised fw update via app, resolved.",helpdesk,2026-06-20 14:52:00,2026-06-20 15:06:00,2026-06-24 16:03:00,2026-06,0.23333333333333334,97.18333333333334,2.0,False,0.0,520.0,1.0,305.0,True,Hardware & Technical,Hardware & Technical,ML model prediction from opening text (prob: 0.68),True
TK-242001,2025-04-21 22:50,2025-04-21 22:52,2025-04-21 17:45,resolved,chat,C101918,VR902208,VA-SW-NX2,Delivery & Shipping,Normal,Logistics,A3031,,,,,N,Really frustrating. Ordered my Nexa 2 watch 2 weeks ago. my order has not been delivered yet. I already checked with neighbours. This is the last time I buy from you.,Refund inittiated as lost in transit. Issue: delivery delayed. Confirmed address with cx. [closed],legacy_fd,2025-04-21 22:50:00,2025-04-21 22:52:00,2025-04-21 17:45:00,2025-04,0.03333333333333333,-5.083333333333333,0.25,False,0.0,210.0,0.0,0.0,True,Delivery & Shipping,Delivery & Shipping,ML model prediction from opening text (prob: 0.90),True
TK-244715,2025-09-01 12:58,2025-09-01 13:25,2025-09-01 08:25,resolved,chat,C107243,VR895166,VA-EB-PL2,Delivery & Shipping,Normal,Logistics,A3031,,,,,N,"i have been a loyaal customer and this is how you treat me.  got pulse 2 from amazon in august. paid on 26 aug, sttill waiting for something to shhow up. i already checked the tracking pae daily. i want a replacement or refund, nothing else","RTO confirmed, reshipped. Issue: shipment not received. Checked AWB with crr. (SOP 5.4) [closed]",legacy_fd,2025-09-01 12:58:00,2025-09-01 13:25:00,2025-09-01 08:25:00,2025-09,0.45,-4.55,0.25,True,350.0,210.0,0.0,0.0,True,Delivery & Shipping,Delivery & Shipping,Rule match: Delivery / Courier tracking / Non-receipt issue,True
TK-240309,2025-01-12 10:45,2025-01-12 11:13,2025-01-12 06:01,resolved,voice,C106676,,VA-NB-ARC,Connectivity,Normal,Voice Frontline,A3025,,3.0,,,N,"got the neckband from vireo.in in december. audio keeps disconnecting every few minutes.
i turned off wifi. nothing changed.
not acceptable at this price.
how do i get this fixed?
thanks in advance,","1. Connection dropping
2. Checked interference sources
3. FW update resolved",legacy_fd,2025-01-12 10:45:00,2025-01-12 11:13:00,2025-01-12 06:01:00,2025-01,0.4666666666666667,-4.733333333333333,2.0,False,0.0,520.0,0.0,0.0,True,Hardware & Technical,Hardware & Technical,Rule match: Hardware / Audio / Battery / Connection defect,True
TK-243614,2025-07-22 12:26,2025-07-22 12:37,2025-07-22 07:30,resolved,voice,C101888,,VA-NB-ARC,Audio Quality,High,Voice Frontline,A3025,,2.0,130.0,WTY-BUYBACK,N,"hey
microphone is very low on the my arc
my arc",Customer reached out - mic not working on calls. Tested on call with cx. Full refund processed (130).,legacy_fd,2025-07-22 12:26:00,2025-07-22 12:37:00,2025-07-22 07:30:00,2025-07,0.18333333333333332,-4.933333333333334,2.0,False,0.0,520.0,0.0,0.0,True,Hardware & Technical,Hardware & Technical,ML model prediction from opening text (prob: 0.25),True
TK-254322,2026-06-19 18:10,2026-06-19 18:29,2026-06-22 18:44,closed,voice,C100397,,VA-SW-NX2,Delivery & Shipping,Low,Logistics,A3029,0.0,2.0,,,N,[IVR transcript] I haven't received my order pleaes call me on my registered number,cx: shipment not received | checked awb with courier -> refund initiated as lost in transit,helpdesk,2026-06-19 18:10:00,2026-06-19 18:29:00,2026-06-22 18:44:00,2026-06,0.31666666666666665,72.56666666666666,2.0,False,0.0,520.0,0.0,0.0,True,Delivery & Shipping,Delivery & Shipping,ML model prediction from opening text (prob: 0.70),True
TK-249935,2026-02-02 21:17,2026-02-02 23:18,2026-02-02 23:37,resolved,email,C108945,VR898212,VA-EB-PL2,Billing & Payments,Normal,Billing,A3034,0.0,,,,N,"product: the pullse 2 earbuds
order: vr898212
purchased: january 29
issue: coupon code not wroking
tried: tried in caps
expected: fix",store credit issued. issue: promo code invalid. checked coupon validity.,helpdesk,2026-02-02 21:17:00,2026-02-02 23:18:00,2026-02-02 23:37:00,2026-02,2.0166666666666666,2.3333333333333335,8.0,False,0.0,260.0,0.0,0.0,True,Billing & Payments,Billing & Payments,Rule match: Payment gateway / Double charge / Invoice query,True
TK-252949,2026-05-07 08:17,2026-05-07 08:22,2026-05-07 08:48,resolved,email,C107870,VR905827,VA-EB-PL2,App & Firmware,High,Email Frontline,A3019,0.0,4.0,,,N,"helo
since the last update the app just shows a white screen
pulse 2 buds vr905827
pls reply","adv beta build, resolved. issue: app crashing. known issue on android 14 - bug logged.",helpdesk,2026-05-07 08:17:00,2026-05-07 08:22:00,2026-05-07 08:48:00,2026-05,0.08333333333333333,0.5166666666666667,8.0,False,0.0,260.0,0.0,0.0,True,Hardware & Technical,Hardware & Technical,ML model prediction from opening text (prob: 0.90),True
TK-248716,2025-12-27 00:29,2025-12-27 01:13,2025-12-30 01:30,resolved,social,C101807,VR906893,VA-SW-NX2,Returns & Refunds,Normal,Returns Desk,A3038,0.0,2.0,,,N,I am losing patience. Ordeerd Nexa 2 last month. I have been siitting at home for 3 days waiting for ur courier. I already called courier. Fix this or I am posting on twitter.,"1. Pickup not done
2. Checked pickup AWB
3. Pickup done, refund initiated [closed]",helpdesk,2025-12-27 00:29:00,2025-12-27 01:13:00,2025-12-30 01:30:00,2025-12,0.7333333333333333,73.01666666666667,4.0,False,0.0,240.0,0.0,0.0,True,Delivery & Shipping,Delivery & Shipping,Rule match: Delivery / Courier tracking / Non-receipt issue,True
TK-245377,2025-09-24 11:30,2025-09-24 11:37,2025-09-24 11:54,resolved,chat,C103312,VR908316,VA-SP-MINI,Other,Normal,Chat Frontline,A3004,0.0,3.0,,,N,"product: orbit mini
order: vr908316
purchased: september 19
issue: typo in the fat number, courier will never find it
tried: tried editing in app
expected: fix","re: wrong pincode | chk dispatch status -> already dispatched, adv to redirect with crr",helpdesk,2025-09-24 11:30:00,2025-09-24 11:37:00,2025-09-24 11:54:00,2025-09,0.11666666666666667,0.4,0.25,False,0.0,210.0,0.0,0.0,True,Delivery & Shipping,Delivery & Shipping,Rule match: Delivery / Courier tracking / Non-receipt issue,True
TK-248713,2025-12-26 19:53,2025-12-26 20:00,2025-12-26 20:16,closed,chat,C101033,VR884708,VA-EB-PL1,Connectivity,Normal,Chat Frontline,A3013,0.0,4.0,,,N,"cannot pair my Pulse w/ my laptop
VR884708
can someone fix this?","Reset done, paired ok. Issue: device not discoverable. chk phone OS version. //SNE",helpdesk,2025-12-26 19:53:00,2025-12-26 20:00:00,2025-12-26 20:16:00,2025-12,0.11666666666666667,0.38333333333333336,0.25,False,0.0,210.0,0.0,0.0,True,Hardware & Technical,Hardware & Technical,ML model prediction from opening text (prob: 0.46),True
TK-242719,2025-06-02 07:48,2025-06-02 11:19,2025-06-02 06:09,resolved,email,C106645,VR880865,VA-SW-FIT,Billing & Payments,High,Billing,A3032,,,,,N,"to the vireo customer care team,

i am writing with reference to my order of the fit band placed on june 02.  my bank says rs 1799 went to you but yoour site says i have no orders. i have checked bank statement. i rqeuest you to kindly arrange a replacement.

yours faithfully,
abhishek singh
chandigarh",re: amount deducted without ord | conf w/ payment gateway -> rfnd processed to source,legacy_fd,2025-06-02 07:48:00,2025-06-02 11:19:00,2025-06-02 06:09:00,2025-06,3.5166666666666666,-1.65,8.0,False,0.0,260.0,0.0,0.0,True,Billing & Payments,Billing & Payments,ML model prediction from opening text (prob: 0.70),True
TK-248951,2026-01-03 18:21,2026-01-03 18:25,2026-01-03 18:46,resolved,chat,C105383,VR900690,VA-EB-PL2,Charging & Battery,Normal,Chat Frontline,A3010,0.0,,,,N,the left earbud is not charging at all,"Reported: L bud no charge in case. Walked through factory reset. Reset resolved, cx conf left bud charging.",helpdesk,2026-01-03 18:21:00,2026-01-03 18:25:00,2026-01-03 18:46:00,2026-01,0.06666666666666667,0.4166666666666667,0.25,False,0.0,210.0,0.0,0.0,True,Hardware & Technical,Hardware & Technical,Rule match: Hardware / Audio / Battery / Connection defect,True
TK-246810,2025-11-06 23:29,2025-11-06 23:32,2025-11-06 23:40,resolved,chat,C109112,VR881303,VA-EB-PL1,Other,Normal,Chat Frontline,A3038,1.0,,,,N,"typo in the flat number, courier will never find it","1. Address update
2. Updated address with crr
3. xfer to Returns Desk
4. Already dispatched, advised to redirect with crr [closed]",helpdesk,2025-11-06 23:29:00,2025-11-06 23:32:00,2025-11-06 23:40:00,2025-11,0.05,0.18333333333333332,0.25,False,0.0,210.0,1.0,305.0,True,Delivery & Shipping,Delivery & Shipping,Rule match: Delivery / Courier tracking / Non-receipt issue,True
TK-245503,2025-09-29 15:52,2025-09-29 15:55,2025-09-29 16:13,resolved,chat,C101603,VR884426,VA-EB-AIR,Other,Normal,Chat Frontline,A3013,0.0,,,,N,"Not what I expected from Vireo.  BOUGHT AIRLITE EARBUDS AROUND 15/09 FROM FLIPKART. pid via UPI, amount deducted, no order confirmation. I already checked bank statement. Escalate this to someone senior.",Order manually created. Issue: failed order after payment. Asked for UTR. //SNE,helpdesk,2025-09-29 15:52:00,2025-09-29 15:55:00,2025-09-29 16:13:00,2025-09,0.05,0.35,0.25,False,0.0,210.0,0.0,0.0,True,Warranty & RMA,Billing & Payments,ML model prediction from opening text (prob: 0.63),False
TK-246013,2025-10-15 13:31,2025-10-15 13:53,2025-10-15 14:20,resolved,voice,C101421,,VA-EB-PL2,Returns & Refunds,Normal,Returns Desk,A3037,0.0,,3149.0,RETURN-QC-OK,N,"bhai
pickup scheduled but no one showed up
itna paisa diyya hai
anyone there",pkp not done | checked pkp awb -> refund of rs 3149 initiated to source,helpdesk,2025-10-15 13:31:00,2025-10-15 13:53:00,2025-10-15 14:20:00,2025-10,0.36666666666666664,0.8166666666666667,2.0,False,0.0,520.0,0.0,0.0,True,Returns & Refunds,Returns & Refunds,Rule match: Return pickup / refund process,True
TK-246542,2025-10-30 20:21,2025-10-30 20:55,2025-10-30 21:32,resolved,chat,C102249,,VA-SW-NX2,Billing & Payments,High,Billing,A3035,0.0,3.0,975.0,DUP-PAYMENT,N,Really frustrating.  This is regarding the Nexa 2. payment was deducted but no order was created. I already checked bank statement. Refund. Now.,"Contact re paymennt debited, no order. Confirmed with payment gateway. Refund of Rs 975 initiated to source. Will monitor. (SOP 3.1)",helpdesk,2025-10-30 20:21:00,2025-10-30 20:55:00,2025-10-30 21:32:00,2025-10,0.5666666666666667,1.1833333333333333,0.25,True,350.0,210.0,0.0,0.0,True,Delivery & Shipping,Billing & Payments,ML model prediction from opening text (prob: 0.81),False
TK-242109,2025-04-27 21:23,2025-04-28 05:55,2025-04-30 00:59,resolved,email,C106510,VR910091,VA-EB-AIR,Returns & Refunds,Normal,Returns Desk,A3038,,,,,N,"Hi Vireo support, I bougght the AirLite buds on April 13. Refund was promised 18 days ago and nothing. I eamiled twice. Please help. Rgds, Amit","1. rfnd delay
2. Checked reverse pickup QC status
3. ARN shared with cx (SOP 3.1) [closed]",legacy_fd,2025-04-27 21:23:00,2025-04-28 05:55:00,2025-04-30 00:59:00,2025-04,8.533333333333333,51.6,8.0,True,350.0,260.0,0.0,0.0,True,Returns & Refunds,Returns & Refunds,ML model prediction from opening text (prob: 0.61),True
TK-249346,2026-01-16 02:19,2026-01-16 02:46,2026-01-16 03:08,resolved,social,C103884,VR886723,VA-EB-PL2,Other,Normal,Chat Frontline,A3016,0.0,3.0,,,N,"diees by lunchtime with light use, VR886723",issue: rapid battery drain | advised disabling anc/aod to test -> rplc raised after test ~Ritika,helpdesk,2026-01-16 02:19:00,2026-01-16 02:46:00,2026-01-16 03:08:00,2026-01,0.45,0.8166666666666667,4.0,False,0.0,240.0,0.0,0.0,True,Hardware & Technical,Hardware & Technical,ML model prediction from opening text (prob: 0.78),True
TK-241998,2025-04-21 21:28,2025-04-21 22:17,2025-04-21 16:55,resolved,voice,C101918,VR902208,VA-SW-NX2,Product Enquiry,Normal,Voice Frontline,A3017,,,,,N,[IVR transcript] hi does my nexa 2 watch work with iphone my nexa 2 watch VR902208 pls reply,Cx says pre-sales query. Shared compatibility info. Cx satisfied.,legacy_fd,2025-04-21 21:28:00,2025-04-21 22:17:00,2025-04-21 16:55:00,2025-04,0.8166666666666667,-4.55,2.0,False,0.0,520.0,0.0,0.0,True,Product Enquiry,Product Enquiry,ML model prediction from opening text (prob: 0.95),True
TK-250992,2026-03-08 11:24,2026-03-08 12:27,2026-03-08 12:35,resolved,voice,C105146,VR889139,VA-AC-CASE,Billing & Payments,High,Billing,A3033,0.0,,,,N,[IVR transcript] BHAI PLEASE SHARE INVOICE WITH GST NUMBER PLEASE HELP KARO SPARE CASE URGENT,closed,helpdesk,2026-03-08 11:24:00,2026-03-08 12:27:00,2026-03-08 12:35:00,2026-03,1.05,1.1833333333333333,2.0,False,0.0,520.0,0.0,0.0,True,Billing & Payments,Billing & Payments,ML model prediction from opening text (prob: 0.53),True
TK-240107,2024-11-02 10:39,2024-11-02 11:36,,open,chat,C102727,,VA-SW-NX1,Billing & Payments,High,Billing,A3029,,,,,N,"Dear Sir/Madam, Ordered Nexa watch 2 weeks ago.  Paid but package not delivered even after 10 days. I checked the tracking page daily. Nothing changed. Can someone fix this? Thanks & regards,",re: order not delivered | checked awb with courier -> refund initiated as lost in transit | xfer logistics,legacy_fd,2024-11-02 10:39:00,2024-11-02 11:36:00,,2024-11,0.95,,0.25,True,350.0,210.0,0.0,0.0,False,Delivery & Shipping,Delivery & Shipping,Rule match: Delivery / Courier tracking / Non-receipt issue,True
TK-240966,2025-02-25 11:10,2025-02-25 11:12,2025-02-28 05:58,resolved,chat,C108385,,VA-SW-FIT,Delivery & Shipping,Normal,Logistics,A3031,,4.0,,,N,"Hi team,
Ordered my Nexa Fit band 3 weeks back. Order not delivered, tracking not updating.
I checked the tracking page daily.
Please resolve asap.
Thanks",Re-shipped from warehouse. Issue: order not delivered. Raised ticket with crr partner. [closed],legacy_fd,2025-02-25 11:10:00,2025-02-25 11:12:00,2025-02-28 05:58:00,2025-02,0.03333333333333333,66.8,0.25,False,0.0,210.0,0.0,0.0,True,Delivery & Shipping,Delivery & Shipping,Rule match: Delivery / Courier tracking / Non-receipt issue,True
TK-246145,2025-10-18 21:54,2025-10-18 21:56,2025-10-18 22:07,resolved,chat,C107802,VR886799,VA-SW-FIT,Account & Login,Normal,Chat Frontline,A3011,1.0,,,,N,"hello vireo,
order vr886799 (the fit band). locked out of my own account since 3 weeks back.
i tried on another browser. nothing changed.
really frustrating.
what do i do now?",re: unable to log in | checked otp logs -> account unlocked,helpdesk,2025-10-18 21:54:00,2025-10-18 21:56:00,2025-10-18 22:07:00,2025-10,0.03333333333333333,0.21666666666666667,0.25,False,0.0,210.0,1.0,305.0,True,Account & Login,Account & Login,Rule match: Account authentication / OTP issue,True
TK-254378,2026-06-21 10:13,2026-06-21 14:03,2026-06-24 14:21,resolved,email,C101838,VR888395,VA-SP-ORB,Delivery & Shipping,Normal,Logistics,A3029,0.0,4.0,,,N,"To the Vireo Customer Care Team,

I am writing with reference to my order of the Orbit smart speaker placed on 14-06-2026. I ORDERED THE ORBIT SMART SPEAKER AND GOT SOMETHING ELSE. I have checked the invoice. I request you to process a refund to my original payment method.

Yours faithfully,
Kavya Sheikh
Mysuru",Reported: wrong variant received. Verified order vs delivered item photos. Reverse pickup + correct item shipped.,helpdesk,2026-06-21 10:13:00,2026-06-21 14:03:00,2026-06-24 14:21:00,2026-06,3.8333333333333335,76.13333333333334,8.0,False,0.0,260.0,0.0,0.0,True,Returns & Refunds,Returns & Refunds,ML model prediction from opening text (prob: 0.23),True
TK-254056,2026-06-11 11:22,2026-06-11 15:36,2026-06-11 15:54,resolved,email,C102691,VR882701,VA-EB-PL1,Connectivity,Low,Email Frontline,A3033,1.0,,,,N,"PRODUCT: THE PULSE BUDS
ORDER: VR882701
PURCHASED: 21 MAR
ISSUE: NOT PAIRING WITH MY PHONE
TRIED: TRIED ON ANOTHER PHONE
EXPECTED: RESOLUTION","pairing failure | checed phone os version -> re-pair successful, resolved on chat | xfer billing //HAR",helpdesk,2026-06-11 11:22:00,2026-06-11 15:36:00,2026-06-11 15:54:00,2026-06,4.233333333333333,4.533333333333333,8.0,False,0.0,260.0,1.0,305.0,True,Hardware & Technical,Hardware & Technical,Rule match: Hardware / Audio / Battery / Connection defect,True
TK-250668,2026-02-25 21:32,2026-02-25 21:55,2026-02-25 22:14,resolved,voice,C106744,VR900582,VA-AC-CASE,Billing & Payments,Normal,Billing,A3035,0.0,3.0,,,N,[IVR transcript] hey invoice not downloading ??,cx ok,helpdesk,2026-02-25 21:32:00,2026-02-25 21:55:00,2026-02-25 22:14:00,2026-02,0.38333333333333336,0.7,2.0,False,0.0,520.0,0.0,0.0,True,Billing & Payments,Billing & Payments,ML model prediction from opening text (prob: 0.53),True
TK-246950,2025-11-10 03:16,2025-11-10 03:51,2025-11-10 04:16,resolved,email,C105767,VR894255,VA-EB-AIR,Delivery & Shipping,High,Logistics,A3027,0.0,,180.0,DOA-REPL,N,"to the vireo customer care team,

i am writing with reference to my order of airlite (vr894255) placed on 31-10-2025. product arrived damaged. i have took photos. i request you to look into ths matter at the earliest.

yousr faithfully,
aarav jadhav
visakhapatnam",Customer states damaged in transit. chk w/ crr for damage claim. Full rfnd processed (180).,helpdesk,2025-11-10 03:16:00,2025-11-10 03:51:00,2025-11-10 04:16:00,2025-11,0.5833333333333334,1.0,8.0,False,0.0,260.0,0.0,0.0,True,Delivery & Shipping,Returns & Refunds,ML model prediction from opening text (prob: 0.40),False
TK-250346,2026-02-16 02:25,2026-02-16 03:43,2026-02-16 03:53,closed,email,C100943,VR899963,VA-EB-AIR,Other,Normal,Email Frontline,A3001,0.0,,,,N,"will this survive a shower, VR899963",re: pre-sales qery | shared compatibility info -> query answered ~Abhishek,helpdesk,2026-02-16 02:25:00,2026-02-16 03:43:00,2026-02-16 03:53:00,2026-02,1.3,1.4666666666666666,8.0,False,0.0,260.0,0.0,0.0,True,Product Enquiry,Product Enquiry,Rule match: Pre-sales / Product feature query,True
TK-253662,2026-05-30 12:54,2026-05-30 13:27,2026-05-30 13:48,resolved,voice,C103538,VR882659,VA-HP-ST3,Account & Login,Normal,Voice Frontline,A3025,0.0,4.0,,,N,[IVR transcript] really frustrating. order vr882659 (the strata 3). locked out of my own account since last week. i already tried on another browser. this is the last time i buy from you.,issue: otp not received | checked number on account -> account unlocked,helpdesk,2026-05-30 12:54:00,2026-05-30 13:27:00,2026-05-30 13:48:00,2026-05,0.55,0.9,2.0,False,0.0,520.0,0.0,0.0,True,Account & Login,Account & Login,Rule match: Account authentication / OTP issue,True
TK-253095,2026-05-12 12:24,2026-05-12 13:57,2026-05-12 14:02,resolved,social,C104973,VR902103,VA-NB-ARC,Product Enquiry,High,Chat Frontline,A3006,0.0,,,,N,"dear sir/madam,

i am writing with reference to my order of the neckband (vr902103) placed on 14/05. is the neckband compatible with my tv. i request you to kindly arrange a replacement.

regards,
farah shinde",cx satisfied. issue: pre-sales query. shared compatibility info. [closed],helpdesk,2026-05-12 12:24:00,2026-05-12 13:57:00,2026-05-12 14:02:00,2026-05,1.55,1.6333333333333333,4.0,False,0.0,240.0,0.0,0.0,True,Product Enquiry,Product Enquiry,ML model prediction from opening text (prob: 0.72),True
TK-241958,2025-04-19 22:16,2025-04-20 01:32,2025-04-22 20:13,resolved,email,C105492,VR904706,VA-EB-AIR,Delivery & Shipping,Normal,Logistics,A3031,,2.0,,,N,"dear sir/madam,

i am writing with reference to my order of airlite earbuds (vr904706) placed on 18 apr. the courier marked it delivered but nobdoy in my house got anything. i have checked the tracking page daily. i request you to process a refund to my original payment method.

yours faithfully,
siddharth rao","RTO confirmed, reshipped. Issue: dlvry delayed. Confirmed address with cx. [closed]",legacy_fd,2025-04-19 22:16:00,2025-04-20 01:32:00,2025-04-22 20:13:00,2025-04,3.2666666666666666,69.95,8.0,False,0.0,260.0,0.0,0.0,True,Delivery & Shipping,Delivery & Shipping,Rule match: Delivery / Courier tracking / Non-receipt issue,True
TK-251987,2026-04-08 22:42,2026-04-08 23:09,2026-04-08 23:27,resolved,chat,C108319,VR881514,VA-EB-PL2,Connectivity,Normal,Chat Frontline,A3017,0.0,,,,N,"Hi Vireo support,
my Pulse 2 purchsed in March, oredr VR881514. The pairing ligt blinks but nothing ever shows up on my iPhone.
Please help.","Customer reached out - unable to pair with phone. Checked phone OS version. Advised FW update via app, resolved.",helpdesk,2026-04-08 22:42:00,2026-04-08 23:09:00,2026-04-08 23:27:00,2026-04,0.45,0.75,0.25,True,350.0,210.0,0.0,0.0,True,Hardware & Technical,Hardware & Technical,Rule match: Hardware / Audio / Battery / Connection defect,True
TK-243399,2025-07-11 00:13,2025-07-11 00:14,2025-07-10 19:02,resolved,chat,C105501,VR901845,VA-SW-NX2,Product Enquiry,Normal,Chat Frontline,A3001,,,,,N,befoer I buy - will this talk to a 2019 Samsung - VR901845,re: compatibility query | shared compatibility info -> query answered ~Abhishek,legacy_fd,2025-07-11 00:13:00,2025-07-11 00:14:00,2025-07-10 19:02:00,2025-07,0.016666666666666666,-5.183333333333334,0.25,False,0.0,210.0,0.0,0.0,True,Product Enquiry,Product Enquiry,ML model prediction from opening text (prob: 0.98),True
TK-251121,2026-03-12 19:51,2026-03-13 00:12,,pending,email,C103201,VR905595,VA-SW-NX2,Billing & Payments,High,Billing,A3033,0.0,,,,N,"Dear Sir/Madam,

I am writing with reference to my order of the Nexa 2 placed on 02 Mar. The payment went through on the first try, the order has not gone through my front door yet. I have checcked with neighbours. I request you to kindly arrange a replacement.

Yours faithfully,
Arjun Fernandes","re: ord not delivered | confirmed address with cx -> crr confirmed delivery for 13 mar, cx informed //HAR",helpdesk,2026-03-12 19:51:00,2026-03-13 00:12:00,,2026-03,4.35,,8.0,False,0.0,260.0,0.0,0.0,True,Delivery & Shipping,Delivery & Shipping,ML model prediction from opening text (prob: 0.79),True
TK-242628,2025-05-28 17:32,2025-05-28 19:49,2025-05-31 15:00,resolved,email,C106470,VR884054,VA-SW-NX2,Billing & Payments,Normal,Billing,A3034,,,,,N,"Product: my Neax 2 watch
Order: VR884054
Purchased: 20-05-2025
Issue: oder not delivered, tracking not updating
Tried: checked the tracking page daily
Expected: replacement",shipment not rcvd | raised ticket w/ courier partner -> rfnd initiated as lost in transit ~Megha,legacy_fd,2025-05-28 17:32:00,2025-05-28 19:49:00,2025-05-31 15:00:00,2025-05,2.283333333333333,69.46666666666667,8.0,False,0.0,260.0,0.0,0.0,True,Delivery & Shipping,Delivery & Shipping,Rule match: Delivery / Courier tracking / Non-receipt issue,True
TK-252958,2026-05-07 14:03,2026-05-07 14:59,2026-05-07 15:15,resolved,email,C108235,,VA-EB-PL1,Charging & Battery,Normal,Email Frontline,A3018,0.0,,,,N,"Hello Vireo, Ordered the Pulse buds a month ago. Goes from flul to empty during one commute. I updated the app. Please call me on my registered number. Thank you Kabir Mittal",cx reported rapid battery drain. advised disabling anc/aod to test. rplc raised after test. cse closed with cx consent.,helpdesk,2026-05-07 14:03:00,2026-05-07 14:59:00,2026-05-07 15:15:00,2026-05,0.9333333333333333,1.2,8.0,False,0.0,260.0,0.0,0.0,True,Hardware & Technical,Hardware & Technical,ML model prediction from opening text (prob: 0.76),True
TK-242576,2025-05-25 12:56,2025-05-25 13:59,2025-05-25 08:59,resolved,voice,C103608,,VA-EB-AIR,App & Firmware,Normal,Voice Frontline,A3025,,,,,N,"Namaste, Bought AirLite around 12 May from vireo.in.  Update failed and now it won't turn on. I kept it in the case. I want my money back.",fw update stuck | asked cx to keep in case 30 min -> replacement raised (bricked),legacy_fd,2025-05-25 12:56:00,2025-05-25 13:59:00,2025-05-25 08:59:00,2025-05,1.05,-3.95,2.0,False,0.0,520.0,0.0,0.0,True,Hardware & Technical,Hardware & Technical,ML model prediction from opening text (prob: 0.88),True
TK-250521,2026-02-21 09:18,2026-02-21 09:33,2026-02-21 09:52,resolved,voice,C109471,,VA-EB-AIR,Connectivity,Normal,Voice Frontline,A3025,0.0,,,,N,[IVR transcript] hi sir connection drops constantly urgent,issue: intermittent disconnects | advised to test in different location -> replacement raised,helpdesk,2026-02-21 09:18:00,2026-02-21 09:33:00,2026-02-21 09:52:00,2026-02,0.25,0.5666666666666667,2.0,False,0.0,520.0,0.0,0.0,True,Hardware & Technical,Hardware & Technical,ML model prediction from opening text (prob: 0.50),True
TK-243444,2025-07-13 12:27,2025-07-13 12:30,2025-07-13 07:16,closed,chat,C100648,VR885807,VA-EB-PL1,Other,Normal,Chat Frontline,A3005,,,,,N,"bhai
please cancel, ordered by mistake
itna paisa diya hai
urgent","1. Cancel ord
2. chk shipment status
3. Already shipped, advised RTO/return (SOP 5.4)",legacy_fd,2025-07-13 12:27:00,2025-07-13 12:30:00,2025-07-13 07:16:00,2025-07,0.05,-5.183333333333334,0.25,False,0.0,210.0,0.0,0.0,True,Delivery & Shipping,Delivery & Shipping,ML model prediction from opening text (prob: 0.41),True
TK-241569,2025-03-30 13:37,2025-03-30 13:46,2025-03-30 08:40,resolved,social,C102066,VR901473,VA-EB-AIR,Charging & Battery,High,Chat Frontline,A3009,,4.0,,,N,"BHAI
BATTERY DRAINS VERY FAST, BARELY LASTS 2 HOURS
IN FEBRUARY SE
??","1. Poor battery backup
2. adv disabling ANC/AOD to test
3. FW update pushed, adv to monitor",legacy_fd,2025-03-30 13:37:00,2025-03-30 13:46:00,2025-03-30 08:40:00,2025-03,0.15,-4.95,4.0,False,0.0,240.0,0.0,0.0,True,Hardware & Technical,Hardware & Technical,Rule match: Hardware / Audio / Battery / Connection defect,True
TK-249132,2026-01-09 15:25,2026-01-09 20:11,2026-01-09 20:19,resolved,email,C106911,VR886559,VA-EB-PL2,Other,Normal,Email Frontline,A3018,0.0,,,,N,"my son ordered this without asking, pls reverse","customer reached out - cancellation request. cancelled before dispatch. already shipped, advised rto/return. closing.",helpdesk,2026-01-09 15:25:00,2026-01-09 20:11:00,2026-01-09 20:19:00,2026-01,4.766666666666667,4.9,8.0,False,0.0,260.0,0.0,0.0,True,Delivery & Shipping,Delivery & Shipping,ML model prediction from opening text (prob: 0.77),True
TK-252074,2026-04-11 08:18,2026-04-11 08:33,2026-04-11 09:08,resolved,chat,C105369,VR893083,VA-HP-ST2,Billing & Payments,Normal,Billing,A3033,0.0,,,,N,"To the Vireo Customer Care Team,

I am writing with reference to my order of Strata 2 placed on April 09. UPI shows success, your app shows nothing. I have tried logging out and in. I request you to kindly arrange a replacement.

Yours faithfully,
Faisal Srivastava",re: amount deducted without ord | conf with payment gateway -> ord manually created //HAR,helpdesk,2026-04-11 08:18:00,2026-04-11 08:33:00,2026-04-11 09:08:00,2026-04,0.25,0.8333333333333334,0.25,False,0.0,210.0,0.0,0.0,True,Hardware & Technical,Other / Unclear,ML model prediction from opening text (prob: 0.51),False
TK-248615,2025-12-23 21:01,2025-12-23 21:30,,pending,chat,C105479,VR892691,VA-EB-AIR,Returns & Refunds,Normal,Returns Desk,A3036,0.0,4.0,,,N,"Honestly regretting this purchase.  Got AirLite from Amazon 3 weeks back. pickup scheduled but no one showed up. I already rescheduled pickup twice. I want a replacement or refund, nothing else.",Refund processed without pickup as goodwill. Issue: reverse pickup pending. Checked pickup AWB. ~Pranav,helpdesk,2025-12-23 21:01:00,2025-12-23 21:30:00,,2025-12,0.48333333333333334,,0.25,True,350.0,210.0,0.0,0.0,True,Returns & Refunds,Returns & Refunds,Rule match: Return pickup / refund process,True
TK-241087,2025-03-03 20:35,2025-03-03 20:44,2025-03-03 15:28,resolved,voice,C106497,,VA-HP-ST3,Delivery & Shipping,Normal,Logistics,A3030,,,,,N,"[IVR transcript] hello vireo, bought strata 3 around 25 feb from vireo.in.  need to change delivery address. i tried editing in app. honestly regretting this purchase. need this sorted this week.",cx states address change request. Checked dispatch status. Address updated. Follow-up not required.,legacy_fd,2025-03-03 20:35:00,2025-03-03 20:44:00,2025-03-03 15:28:00,2025-03,0.15,-5.116666666666666,2.0,False,0.0,520.0,0.0,0.0,True,Delivery & Shipping,Delivery & Shipping,ML model prediction from opening text (prob: 0.51),True
TK-249217,2026-01-11 20:54,2026-01-11 22:14,2026-01-11 22:36,resolved,email,C107394,,VA-EB-PL2,Billing & Payments,High,Billing,A3034,0.0,,,,N,"need GST invoice for my order, waiting for your reply",invoice emailed. issue: gst invoice request. regenerated invoice. ~Megha,helpdesk,2026-01-11 20:54:00,2026-01-11 22:14:00,2026-01-11 22:36:00,2026-01,1.3333333333333333,1.7,8.0,False,0.0,260.0,0.0,0.0,True,Billing & Payments,Billing & Payments,ML model prediction from opening text (prob: 0.78),True
TK-252071,2026-04-10 22:39,2026-04-10 22:40,2026-04-13 23:05,closed,chat,C100910,VR883053,VA-SW-NX1,Returns & Refunds,High,Returns Desk,A3037,0.0,,4249.0,RETURN-QC-OK,N,Not acceptable at tis price.  Order VR883053 (my Nexa). where is the money for the return. I already emailed twice. Refund. Now.,"1. rfnd not credited
2. Checked rfnd sattus on PG
3. rfnd of Rs 4249 initiated to source",helpdesk,2026-04-10 22:39:00,2026-04-10 22:40:00,2026-04-13 23:05:00,2026-04,0.016666666666666666,72.43333333333334,0.25,False,0.0,210.0,0.0,0.0,True,Returns & Refunds,Returns & Refunds,ML model prediction from opening text (prob: 0.89),True
TK-250134,2026-02-08 20:19,2026-02-08 20:25,2026-02-08 20:57,resolved,chat,C102003,,VA-EB-PL2,Charging & Battery,High,Chat Frontline,A3010,0.0,,,,N,"Product: Pulse 2
Purchased: 21 Dec
Issue: battery life has dropped to almost nothing
Tried: turned off always-on display
Expected: fix","cx reached out - battery draining fast. Checked FW 2.3.10. FW update pushed, advised to monitor.",helpdesk,2026-02-08 20:19:00,2026-02-08 20:25:00,2026-02-08 20:57:00,2026-02,0.1,0.6333333333333333,0.25,False,0.0,210.0,0.0,0.0,True,Hardware & Technical,Hardware & Technical,Rule match: Hardware / Audio / Battery / Connection defect,True
TK-248214,2025-12-11 19:47,2025-12-11 19:52,2025-12-11 20:05,closed,chat,C102221,,VA-AC-CASE,Billing & Payments,High,Billing,A3035,0.0,3.0,,,N,This is regarding replacement case.  Please share invoice with GST number. I checekd orders page. Nothing changed. How do I get this fixed? Regards,Cx says invoice query. Regenerated invoice. Invoice emailed. Will monitor. (SOP 4.2),helpdesk,2025-12-11 19:47:00,2025-12-11 19:52:00,2025-12-11 20:05:00,2025-12,0.08333333333333333,0.3,0.25,False,0.0,210.0,0.0,0.0,True,Billing & Payments,Billing & Payments,ML model prediction from opening text (prob: 0.68),True
TK-241532,2025-03-29 12:11,2025-03-29 13:16,2025-03-29 08:23,resolved,email,C103883,VR892976,VA-EB-PL1,App & Firmware,Normal,Email Frontline,A3020,,4.0,,,N,"hi
it's showing a spinning circle for hours
kindly do the needful",Cust contacted re update hang. Walked through recovery mode. rplc raised (bricked).,legacy_fd,2025-03-29 12:11:00,2025-03-29 13:16:00,2025-03-29 08:23:00,2025-03,1.0833333333333333,-3.8,8.0,False,0.0,260.0,0.0,0.0,True,Hardware & Technical,Hardware & Technical,ML model prediction from opening text (prob: 0.58),True
TK-252389,2026-04-20 21:55,2026-04-20 21:56,2026-04-20 22:13,resolved,chat,C102647,,VA-EB-PL2,Delivery & Shipping,High,Logistics,A3029,0.0,,,,N,Pathetic experinece honestly. This is regarding the Pulse 2 earbuds. package not delivered even after 15 days. I already checked the tracking page daily. Refund. Now.,"shipment not received | checked awb with courier -> rto confirmed, reshipped",helpdesk,2026-04-20 21:55:00,2026-04-20 21:56:00,2026-04-20 22:13:00,2026-04,0.016666666666666666,0.3,0.25,False,0.0,210.0,0.0,0.0,True,Delivery & Shipping,Delivery & Shipping,Rule match: Delivery / Courier tracking / Non-receipt issue,True
TK-240147,2024-12-08 12:05,2024-12-08 12:33,2024-12-11 07:00,resolved,chat,C100395,VR889323,VA-EB-PL1,Billing & Payments,Normal,Billing,A3035,,,,,N,"Product: my Pulse
Order: VR889323
Purchased: 03 Dec
Issue: 15 days since payment, you have no idea where it is and neither do I
Tried: checked the tracking page daily
Expected: resolution","Cust contacted re delivery delayed. Raised ticket with courer partner. Courier confirmed delivery for 12 Dec, cx informed. Case closed with cx consent. (SOP 4.2)",legacy_fd,2024-12-08 12:05:00,2024-12-08 12:33:00,2024-12-11 07:00:00,2024-12,0.4666666666666667,66.91666666666667,0.25,True,350.0,210.0,0.0,0.0,False,Delivery & Shipping,Delivery & Shipping,Rule match: Delivery / Courier tracking / Non-receipt issue,True
TK-254570,2026-06-26 21:53,2026-06-26 22:02,2026-06-26 22:36,resolved,chat,C108034,,VA-SP-MINI,App & Firmware,Normal,Chat Frontline,A3002,0.0,,,,N,"Dear Sir/Madam,

I am writing with reference to my order of Orbit Mini placed on 25 Mar.  The Vireo app keeps crashing. I have reinstalled the app. I request u to process a refund to my original payment method.

Yours faithfully,
Simran Sandhu","Cust contacted re app crash on device page. Checked app version. Bug logged, workaround shared. Cx satisfied on chat. (SOP 2.7) -VG",helpdesk,2026-06-26 21:53:00,2026-06-26 22:02:00,2026-06-26 22:36:00,2026-06,0.15,0.7166666666666667,0.25,False,0.0,210.0,0.0,0.0,True,Hardware & Technical,Hardware & Technical,ML model prediction from opening text (prob: 0.43),True
TK-242663,2025-05-30 11:42,2025-05-30 13:31,2025-06-01 09:18,closed,social,C107839,VR893907,VA-SW-NX2,Other,Normal,Chat Frontline,A3006,,3.0,,,N,"Dear Sir/Madam,

I am writing with reference to my orer of Nexa 2 (VR893907) placed on April 04.  Service centre took it, now silence. I have called service centre. I reuqest you to process a refunnd to my original payment method.

Sincerely,
Krishna Bose",issue: repair status follow-up | chk qc report -> replacement approved and dispatched [closed],legacy_fd,2025-05-30 11:42:00,2025-05-30 13:31:00,2025-06-01 09:18:00,2025-05,1.8166666666666667,45.6,4.0,False,0.0,240.0,0.0,0.0,True,Delivery & Shipping,Warranty & RMA,ML model prediction from opening text (prob: 0.97),False
TK-253518,2026-05-25 20:26,2026-05-25 21:18,2026-05-25 21:53,resolved,social,C108503,VR880423,VA-SP-MINI,Connectivity,Normal,Chat Frontline,A3011,0.0,,,,N,"not pairing with my phone
VR880423
i want my money back","cx: device not discoverable | walked through forget + re-pair -> adv fw update via app, resolved -SM",helpdesk,2026-05-25 20:26:00,2026-05-25 21:18:00,2026-05-25 21:53:00,2026-05,0.8666666666666667,1.45,4.0,False,0.0,240.0,0.0,0.0,True,Hardware & Technical,Hardware & Technical,Rule match: Hardware / Audio / Battery / Connection defect,True
TK-248421,2025-12-17 20:28,2025-12-17 21:15,2025-12-17 21:51,resolved,email,C109199,VR907826,VA-EB-PL2,Audio Quality,Normal,Email Frontline,A3018,0.0,2.0,,,N,"team,
one of them is just decoration at this point
kal se
pulse 2 buds
pls reply",ticket raised for no audio one side. asked cx to check bud in case. escalated to wty. will monitor.,helpdesk,2025-12-17 20:28:00,2025-12-17 21:15:00,2025-12-17 21:51:00,2025-12,0.7833333333333333,1.3833333333333333,8.0,False,0.0,260.0,0.0,0.0,True,Hardware & Technical,Hardware & Technical,ML model prediction from opening text (prob: 0.58),True
TK-254409,2026-06-21 23:03,2026-06-21 23:40,2026-06-22 00:18,resolved,social,C106972,VR886352,VA-EB-PL2,Connectivity,Normal,Chat Frontline,A3017,0.0,4.0,,,N,really frustrating. i bought pulse 2 on march 22. pairing is not working. i already forgot the device and tried again. refund. now.,"Customer stattes unable to pair with phone. Walked through forget + re-pair. Advised FW update via app, rslvd.",helpdesk,2026-06-21 23:03:00,2026-06-21 23:40:00,2026-06-22 00:18:00,2026-06,0.6166666666666667,1.25,4.0,False,0.0,240.0,0.0,0.0,True,Hardware & Technical,Hardware & Technical,Rule match: Hardware / Audio / Battery / Connection defect,True
TK-247439,2025-11-22 10:23,2025-11-22 11:00,2025-11-24 11:21,resolved,social,C105963,,VA-HP-ST3,Returns & Refunds,Normal,Returns Desk,A3038,0.0,,6649.0,RETURN-QC-OK,N,not acceptable at this price.  this is regarding my strata 3 headphones. nobody came for the pickup. i already rescheduled pickup twice. fix this or i am posting on twitter.,Cust contacted re reverse pickup pending. Re-raised pickup w/ courier. Refunded Rs 6649. Cx informed. (SOP 5.4) [closed],helpdesk,2025-11-22 10:23:00,2025-11-22 11:00:00,2025-11-24 11:21:00,2025-11,0.6166666666666667,48.96666666666667,4.0,False,0.0,240.0,0.0,0.0,True,Returns & Refunds,Returns & Refunds,Rule match: Return pickup / refund process,True
TK-251771,2026-04-02 15:27,2026-04-02 17:23,2026-04-02 18:14,resolved,email,C101522,,VA-EB-PL2,Charging & Battery,Normal,Email Frontline,A3018,0.0,,,,N,"Product: my Pulse 2
Order: VR902652
Purchased: 07-03-2026
Issue: left bud won't charge even afer keeping it in the case overnight
Tried: tried another charger
Expected: replacement",ticket raised for left bud not charging. asked for photo of the bud contacts. escalated to wty for inspection. case closed with cx consent.,helpdesk,2026-04-02 15:27:00,2026-04-02 17:23:00,2026-04-02 18:14:00,2026-04,1.9333333333333333,2.783333333333333,8.0,False,0.0,260.0,0.0,0.0,True,Hardware & Technical,Hardware & Technical,Rule match: Hardware / Audio / Battery / Connection defect,True
TK-253369,2026-05-20 21:32,2026-05-20 21:57,2026-05-20 22:06,resolved,voice,C104811,VR884134,VA-SW-NX1,Other,Normal,Voice Frontline,A3023,0.0,,4499.0,CANCEL,N,"hii
ordered the wrong colour, don't ship it
anyone there","Cancelled, refund initiated. Issue: cancel order. Cancelled before dispatch.",helpdesk,2026-05-20 21:32:00,2026-05-20 21:57:00,2026-05-20 22:06:00,2026-05,0.4166666666666667,0.5666666666666667,2.0,False,0.0,520.0,0.0,0.0,True,Delivery & Shipping,Delivery & Shipping,ML model prediction from opening text (prob: 0.79),True
TK-250013,2026-02-05 07:51,2026-02-05 07:53,2026-02-05 08:22,closed,chat,C108386,,VA-EB-PL2,Other,Normal,Chat Frontline,A3014,0.0,4.0,,,N,"Hi there,
This is regarding my Pulse 2.  Since the last update the app juust shoows a wihte screen.
I updated phone.
What do I do now?
Thank you, Tenzin","1. App not opening
2. Checked app version
3. Cleared cache, rslvd ~Rohan",helpdesk,2026-02-05 07:51:00,2026-02-05 07:53:00,2026-02-05 08:22:00,2026-02,0.03333333333333333,0.5166666666666667,0.25,False,0.0,210.0,0.0,0.0,True,Hardware & Technical,Hardware & Technical,ML model prediction from opening text (prob: 0.87),True
TK-254147,2026-06-14 12:08,2026-06-14 12:09,2026-06-14 12:38,closed,chat,C107295,,VA-EB-PL2,Audio Quality,Normal,Chat Frontline,A3012,0.0,2.0,,,N,"Hi,
Got my Pulse 2 from vireo.in around Diwali. MIC NOT WORKING ON CALLS.
I CHECKED MIC PERMISSIONS.
PLEASE RESOLVE ASAP.
RGDS, THOMAS","cx: low mic pkp | checked mic permissions on phone -> permissions fixed, resolved -SS",helpdesk,2026-06-14 12:08:00,2026-06-14 12:09:00,2026-06-14 12:38:00,2026-06,0.016666666666666666,0.5,0.25,False,0.0,210.0,0.0,0.0,True,Returns & Refunds,Returns & Refunds,ML model prediction from opening text (prob: 0.47),True
TK-252193,2026-04-14 20:20,2026-04-14 20:22,2026-04-14 20:39,resolved,chat,C106630,VR886680,VA-EB-PL1,App & Firmware,Normal,Chat Frontline,A3011,0.0,3.0,,,N,"hey
battery backup is terrible now
anyone there","fw update pushed, advised to monitor. issue: rapid battery drain. advised disabling anc/aod to test.",helpdesk,2026-04-14 20:20:00,2026-04-14 20:22:00,2026-04-14 20:39:00,2026-04,0.03333333333333333,0.31666666666666665,0.25,False,0.0,210.0,0.0,0.0,True,Hardware & Technical,Hardware & Technical,Rule match: Hardware / Audio / Battery / Connection defect,True
TK-245322,2025-09-22 10:49,2025-09-22 13:57,2025-09-24 14:13,resolved,email,C102086,VR896223,VA-SP-MINI,Delivery & Shipping,Normal,Logistics,A3038,1.0,2.0,,,Y,"hi
recieved teh wrong item
obrit mini vr896223
pls reply","cx: incorrect product shipped | raised w/ warehouse -> refund issued, cx did not want replacement | xfer returns desk [closed]",helpdesk,2025-09-22 10:49:00,2025-09-22 13:57:00,2025-09-24 14:13:00,2025-09,3.1333333333333333,51.4,8.0,False,0.0,260.0,1.0,305.0,True,Delivery & Shipping,Returns & Refunds,ML model prediction from opening text (prob: 0.48),False
TK-241075,2025-03-03 03:07,2025-03-03 07:07,2025-03-05 01:56,resolved,email,C103859,VR888740,VA-SW-NX1,Returns & Refunds,Normal,Returns Desk,A3038,,,3999.0,RETURN-QC-OK,N,"hey
refund not received yet
nexa watch VR888740","1. rfnd not credited
2. Checked rfnd status on PG
3. rfnd approved, Rs 3999, 5-7 working days [closed]",legacy_fd,2025-03-03 03:07:00,2025-03-03 07:07:00,2025-03-05 01:56:00,2025-03,4.0,46.81666666666667,8.0,False,0.0,260.0,0.0,0.0,True,Returns & Refunds,Returns & Refunds,ML model prediction from opening text (prob: 0.79),True
TK-243322,2025-07-06 08:53,2025-07-06 10:47,2025-07-06 05:45,resolved,email,C104946,,VA-SP-MINI,Delivery & Shipping,Normal,Logistics,A3031,,4.0,,,N,"helo
i haven't received my order",rfnd initiated as lost in transit. Issue: shipment not rcvd. Raised ticket w/ courier partner. [closed],legacy_fd,2025-07-06 08:53:00,2025-07-06 10:47:00,2025-07-06 05:45:00,2025-07,1.9,-3.1333333333333333,8.0,False,0.0,260.0,0.0,0.0,True,Delivery & Shipping,Delivery & Shipping,ML model prediction from opening text (prob: 0.90),True
TK-244453,2025-08-23 22:05,2025-08-24 04:35,2025-08-25 23:28,resolved,email,C103871,VR889768,VA-SW-NX2,Other,High,Email Frontline,A3017,,3.0,11048.0,LOST-TRANSIT,N,"hi
order not delivered, tracking not updating
anyone there","Ticket raisd for odrer not delivered. Raisd ticket with crr partner. crr confirmed delivery for 25 Aug, cx informed.",legacy_fd,2025-08-23 22:05:00,2025-08-24 04:35:00,2025-08-25 23:28:00,2025-08,6.5,49.38333333333333,8.0,False,0.0,260.0,0.0,0.0,True,Delivery & Shipping,Delivery & Shipping,Rule match: Delivery / Courier tracking / Non-receipt issue,True
TK-243810,2025-07-31 08:19,2025-07-31 08:51,2025-08-03 06:36,resolved,email,C100185,VR883274,VA-EB-AIR,Warranty & Repair,Normal,Escalations & Warranty,A3040,,3.0,,,N,"left side not charging in the case, VR883274, i want my money back","1. Left bud not charging
2. Asked for photo of the bud contacts
3. esc to wty for inspection",legacy_fd,2025-07-31 08:19:00,2025-07-31 08:51:00,2025-08-03 06:36:00,2025-07,0.5333333333333333,70.28333333333333,8.0,False,0.0,260.0,0.0,0.0,True,Warranty & RMA,Hardware & Technical,Rule match: Hardware / Audio / Battery / Connection defect,False
TK-244810,2025-09-04 17:13,2025-09-04 17:19,2025-09-04 11:58,resolved,chat,C104595,,VA-SW-NX2,Other,Normal,Chat Frontline,A3013,,,,,N,"Hi Vireo support,
Bought the Nexa 2 around September 02 from Amazon. Please cancel, ordered by mistake.
I tried cancel button, greyed out. Nothing changed.
Can someone fix this?","Cancelled, rfnd initiated. Issue: cancellation request. Cancelled before dispatch. //SNE",legacy_fd,2025-09-04 17:13:00,2025-09-04 17:19:00,2025-09-04 11:58:00,2025-09,0.1,-5.25,0.25,False,0.0,210.0,0.0,0.0,True,Delivery & Shipping,Delivery & Shipping,ML model prediction from opening text (prob: 0.79),True
TK-252655,2026-04-28 08:03,2026-04-28 10:00,2026-04-28 10:28,closed,email,C107417,,VA-SP-ORB,App & Firmware,Normal,Email Frontline,A3019,0.0,,,,Y,"To the Vireo Customer Caer Team,

I am writing with reference to my order of my Orbit placed on 29/03. Firmware update stuck for 2 hours. I have restarted the app. I requet you to process a refund to my original payment method.

Yours faithfully,
Komal Jdahav",new unit shipped under doa. issue: fw update stuck. asked cx to keep in case 30 min.,helpdesk,2026-04-28 08:03:00,2026-04-28 10:00:00,2026-04-28 10:28:00,2026-04,1.95,2.4166666666666665,8.0,False,0.0,260.0,0.0,0.0,True,Delivery & Shipping,Hardware & Technical,Rule match: Hardware / Audio / Battery / Connection defect,False
TK-249080,2026-01-07 19:23,2026-01-07 23:39,2026-01-10 23:52,resolved,email,C101867,VR891431,VA-EB-PL2,Delivery & Shipping,Low,Logistics,A3027,0.0,3.0,,,N,"the parcel looked like it was kicked here from the warehouse, and the unit has a crack.  kindly look into it",cx reached out - transit damage. Checked with crr for damage claim. rfnd initiated.,helpdesk,2026-01-07 19:23:00,2026-01-07 23:39:00,2026-01-10 23:52:00,2026-01,4.266666666666667,76.48333333333333,8.0,False,0.0,260.0,0.0,0.0,True,Delivery & Shipping,Delivery & Shipping,ML model prediction from opening text (prob: 0.36),True
TK-244357,2025-08-20 17:39,2025-08-20 17:41,2025-08-20 12:38,resolved,chat,C101990,,VA-EB-AIR,Billing & Payments,High,Billing,A3030,,,,,N,"hey
paid but package not delivered even after 7 days",payment ok. shipment issue. -> logistics Contact re dlvry delayed. Confirmed address with cx. xfer to Logistics. Re-shipped from warehouse. Case closed with cx consent. ~Imran,legacy_fd,2025-08-20 17:39:00,2025-08-20 17:41:00,2025-08-20 12:38:00,2025-08,0.03333333333333333,-5.016666666666667,0.25,False,0.0,210.0,0.0,0.0,True,Delivery & Shipping,Delivery & Shipping,Rule match: Delivery / Courier tracking / Non-receipt issue,True
TK-243480,2025-07-15 08:19,2025-07-15 14:38,2025-07-15 09:46,resolved,email,C102192,VR885686,VA-EB-PL1,Billing & Payments,High,Billing,A3035,,3.0,4998.0,DUP-PAYMENT,N,"hey
payment was deducted but no order was created
pusle earbuds VR885686
kindly do the neeful",Customer reached out - failed order after payment. Checked PG dashboard for txn. Refund of Rs 4998 initiated to source. Cx informed. (SOP 5.4),legacy_fd,2025-07-15 08:19:00,2025-07-15 14:38:00,2025-07-15 09:46:00,2025-07,6.316666666666666,1.45,8.0,False,0.0,260.0,0.0,0.0,True,Delivery & Shipping,Billing & Payments,ML model prediction from opening text (prob: 0.53),False
TK-247539,2025-11-24 20:35,2025-11-24 20:36,2025-11-29 23:00,resolved,chat,C106197,VR901417,VA-EB-PL2,Warranty & Repair,Low,Escalations & Warranty,A3042,0.0,4.0,,,N,"Hey,
Order VR901417 (the Pulse 2 earbuds). WARRANTY CLAIM PENDING FOR 11 DAYS.
NEED THIS SORTED THIS WEEK.","customer states warranty claim status. checked rma status. cx updated, eta shared.",helpdesk,2025-11-24 20:35:00,2025-11-24 20:36:00,2025-11-29 23:00:00,2025-11,0.016666666666666666,122.41666666666667,0.25,False,0.0,210.0,0.0,0.0,True,Warranty & RMA,Warranty & RMA,Rule match: RMA / Warranty service indicator,True
TK-249548,2026-01-22 12:18,2026-01-22 13:16,2026-01-22 13:49,resolved,social,C101170,,VA-EB-PL2,Charging & Battery,Normal,Chat Frontline,A3012,0.0,,,,N,"right side works perfectly, left one just does not wake up","cx: left earbud not taking charge | walked through factory reset -> advised pin cleaning, cx confirmed ok -SS",helpdesk,2026-01-22 12:18:00,2026-01-22 13:16:00,2026-01-22 13:49:00,2026-01,0.9666666666666667,1.5166666666666666,4.0,False,0.0,240.0,0.0,0.0,True,Hardware & Technical,Hardware & Technical,ML model prediction from opening text (prob: 0.50),True
TK-244099,2025-08-10 18:38,2025-08-10 19:35,2025-08-12 14:29,resolved,voice,C103182,VR891412,VA-SP-MINI,Delivery & Shipping,Normal,Logistics,A3029,,3.0,,,N,"[IVR transcript] hey odrer not delivered, tracking not updating hello??",re: shipment not received | confirmed address with cx -> re-shipped from warehouse,legacy_fd,2025-08-10 18:38:00,2025-08-10 19:35:00,2025-08-12 14:29:00,2025-08,0.95,43.85,2.0,False,0.0,520.0,0.0,0.0,True,Delivery & Shipping,Delivery & Shipping,Rule match: Delivery / Courier tracking / Non-receipt issue,True
TK-246579,2025-10-31 19:15,2025-10-31 23:15,2025-11-02 04:02,resolved,email,C101245,VR901607,VA-EB-PL2,Warranty & Repair,Normal,Escalations & Warranty,A3040,0.0,,,,N,"product: pulse 2 buds
order: vr901607
purchased: october 02
issue: service centre took it, now silence
tried: emailed twice
expected: refund","1. wty claim status
2. Followed up w/ service centre
3. Repair completed, shipped back ~Geeta",helpdesk,2025-10-31 19:15:00,2025-10-31 23:15:00,2025-11-02 04:02:00,2025-10,4.0,32.78333333333333,8.0,False,0.0,260.0,0.0,0.0,True,Warranty & RMA,Warranty & RMA,ML model prediction from opening text (prob: 0.92),True
TK-254182,2026-06-15 09:15,2026-06-15 09:16,2026-06-15 09:51,resolved,chat,C102277,,VA-SW-FIT,App & Firmware,Normal,Chat Frontline,A3006,0.0,,,,N,"team,
app crashes when i open deevice settings
please hepl karo
my nexa fit band
??","re: app crash on device pge | asked for phone model + os -> bug logged, workaround shared [closed]",helpdesk,2026-06-15 09:15:00,2026-06-15 09:16:00,2026-06-15 09:51:00,2026-06,0.016666666666666666,0.6,0.25,False,0.0,210.0,0.0,0.0,True,Hardware & Technical,Hardware & Technical,ML model prediction from opening text (prob: 0.62),True
TK-245168,2025-09-16 19:47,2025-09-16 20:46,2025-09-16 21:15,resolved,voice,C103820,,VA-EB-PL2,Delivery & Shipping,Normal,Logistics,A3030,0.0,3.0,,,N,"[IVR transcript] Hi team, Ordered pulse 2 buds a month ago. The courier marked it delivered but nobody in my house got anything. Need this sorted this week. Please revert Vihaan Gill",closed ~Imran,helpdesk,2025-09-16 19:47:00,2025-09-16 20:46:00,2025-09-16 21:15:00,2025-09,0.9833333333333333,1.4666666666666666,2.0,False,0.0,520.0,0.0,0.0,True,Delivery & Shipping,Delivery & Shipping,Rule match: Delivery / Courier tracking / Non-receipt issue,True
TK-252046,2026-04-10 11:14,2026-04-10 11:35,2026-04-10 11:49,resolved,voice,C102727,,VA-AC-CASE,Billing & Payments,High,Billing,A3032,0.0,4.0,,,N,"[IVR transcript] Dear Sir/Madam, Got the charging cse I ordered from vireo.in last month. The invoice PDF link gives a 404. I tried different browser. I wat a replacement. Thanks & regards","1. gst invoice request
2. regenerated invoice
3. invoice emailed [closed]",helpdesk,2026-04-10 11:14:00,2026-04-10 11:35:00,2026-04-10 11:49:00,2026-04,0.35,0.5833333333333334,2.0,False,0.0,520.0,0.0,0.0,True,Billing & Payments,Hardware & Technical,Rule match: Hardware / Audio / Battery / Connection defect,False
TK-242811,2025-06-07 17:10,2025-06-07 17:14,2025-06-07 12:03,resolved,chat,C109225,VR896429,VA-EB-AIR,Audio Quality,High,Chat Frontline,A3010,,,,,Y,"microphone is very low on the airlite earbuds
VR896429",cx states mic not working on calls. Tested on call w/ cx. rplc unit dispatched.,legacy_fd,2025-06-07 17:10:00,2025-06-07 17:14:00,2025-06-07 12:03:00,2025-06,0.06666666666666667,-5.116666666666666,0.25,False,0.0,210.0,0.0,0.0,True,Delivery & Shipping,Returns & Refunds,ML model prediction from opening text (prob: 0.38),False
TK-248105,2025-12-09 10:49,2025-12-09 11:49,2025-12-09 12:10,resolved,voice,C103805,VR900538,VA-EB-PL2,Audio Quality,Low,Voice Frontline,A3025,0.0,3.0,,,N,"[IVR transcript] Very poor quality.  pulse 2 buds purchased around Diwali, odrer VR900538. one of thhem is just decoraation at this point. I already tied different phone. This is the last time I buy from you.",Reported: single side audio only. Asked cx to check bud in case. Escalated to warranty.,helpdesk,2025-12-09 10:49:00,2025-12-09 11:49:00,2025-12-09 12:10:00,2025-12,1.0,1.35,2.0,False,0.0,520.0,0.0,0.0,True,Hardware & Technical,Hardware & Technical,ML model prediction from opening text (prob: 0.70),True
TK-252053,2026-04-10 14:08,2026-04-10 14:12,2026-04-10 14:35,resolved,chat,C105387,VR898956,VA-HP-ST3,Charging & Battery,Low,Chat Frontline,A3010,0.0,3.0,,,N,I have been a loyal customer and this is how you treat me. This is regarding my Strata 3 headphones. battery draining even when not in use. I already fully charged and discharged twice. This is the last time I buy from you.,Contact re battery draining fast. chk FW 3.4.12. rplc raised after test.,helpdesk,2026-04-10 14:08:00,2026-04-10 14:12:00,2026-04-10 14:35:00,2026-04,0.06666666666666667,0.45,0.25,False,0.0,210.0,0.0,0.0,True,Billing & Payments,Hardware & Technical,Rule match: Hardware / Audio / Battery / Connection defect,False
TK-245278,2025-09-20 07:40,2025-09-20 09:10,2025-09-22 09:31,resolved,email,C101245,VR902096,VA-AC-CBL,Delivery & Shipping,Normal,Logistics,A3027,0.0,,,,N,"hii
my order has not been delivered yet","1. dlvry delayed
2. conf address with cx
3. RTO conf, reshipped (SOP 3.1)",helpdesk,2025-09-20 07:40:00,2025-09-20 09:10:00,2025-09-22 09:31:00,2025-09,1.5,49.85,8.0,False,0.0,260.0,0.0,0.0,True,Delivery & Shipping,Delivery & Shipping,ML model prediction from opening text (prob: 0.96),True
TK-241807,2025-04-11 16:05,2025-04-11 16:14,2025-04-11 11:05,resolved,chat,C107351,VR899481,VA-SP-MINI,Returns & Refunds,Normal,Returns Desk,A3036,,3.0,2374.0,RETURN-QC-OK,N,"Dear team,
Got orbit mini from vireo.in 3 weeks back. Refund was promised 14 days ago and nothing.
I emailed twice.
Please help.
Thanks, Arjun Rathore",re: refund not credited | checked refund status on pg -> refund of rs 2374 initiated to source ~Pranav,legacy_fd,2025-04-11 16:05:00,2025-04-11 16:14:00,2025-04-11 11:05:00,2025-04,0.15,-5.0,0.25,False,0.0,210.0,0.0,0.0,True,Returns & Refunds,Returns & Refunds,ML model prediction from opening text (prob: 0.83),True
TK-245210,2025-09-17 21:15,2025-09-17 21:30,2025-09-17 21:48,resolved,social,C102601,VR881250,VA-EB-PL2,Delivery & Shipping,Normal,Logistics,A3029,0.0,,,,N,"Got Pulse 2 from vireo.in a month ago.  Order status stuck on shipped since 12-09-2025. I checked with neighbours. Please help. Thank you, Diya",re: shipment not received | raised ticket with courier partner -> refund initiated as lost in transit,helpdesk,2025-09-17 21:15:00,2025-09-17 21:30:00,2025-09-17 21:48:00,2025-09,0.25,0.55,4.0,False,0.0,240.0,0.0,0.0,True,Delivery & Shipping,Delivery & Shipping,ML model prediction from opening text (prob: 0.93),True
TK-249789,2026-01-29 02:51,2026-01-29 03:01,2026-01-29 03:27,resolved,chat,C106473,,VA-SW-NX2,Charging & Battery,Normal,Chat Frontline,A3003,0.0,,,,N,battery draining even when not in use,"fw update pushed, advised to monitor. issue: poor battery backup. checked usage pattern with cx.",helpdesk,2026-01-29 02:51:00,2026-01-29 03:01:00,2026-01-29 03:27:00,2026-01,0.16666666666666666,0.6,0.25,False,0.0,210.0,0.0,0.0,True,Hardware & Technical,Hardware & Technical,Rule match: Hardware / Audio / Battery / Connection defect,True
TK-242208,2025-05-03 18:36,2025-05-03 20:23,2025-05-08 18:59,resolved,email,C108163,,VA-SP-MINI,Warranty & Repair,Normal,Escalations & Warranty,A3042,,,,,Y,"To teh Vireo Customer Care Team,

I am writing with reference to my order of Orbit Mini placed on 07 Apr. What is the status of my warranty claim. I have emailed twice. I rqeuest you to process a refund to my original payment method.

Yours faithfully,
Kair Boose","ticket raised for rma status query. followed up with service centre. repair completed, shipped back.",legacy_fd,2025-05-03 18:36:00,2025-05-03 20:23:00,2025-05-08 18:59:00,2025-05,1.7833333333333334,120.38333333333334,8.0,False,0.0,260.0,0.0,0.0,True,Warranty & RMA,Warranty & RMA,Rule match: RMA / Warranty service indicator,True
TK-250607,2026-02-23 20:52,2026-02-24 04:02,2026-02-24 04:28,closed,email,C101023,VR907523,VA-EB-PL2,Charging & Battery,Normal,Email Frontline,A3002,0.0,4.0,,,N,"Hi team, Bought pulse 2 buds around 04/10 form Amazon. Left earbud shows 0% & never charges. I cleaned the contacts w/ a cloth. Nothing changed. Need thsi sorted this week. Awatiing response Geeeta Kulkarni",Reported: left earbud not taking charge. Walked through factory reset. adv to observe for 48h and revert. Case closed with cx consent. (SOP 2.7) -VG,helpdesk,2026-02-23 20:52:00,2026-02-24 04:02:00,2026-02-24 04:28:00,2026-02,7.166666666666667,7.6,8.0,False,0.0,260.0,0.0,0.0,True,Hardware & Technical,Hardware & Technical,ML model prediction from opening text (prob: 0.58),True
TK-243351,2025-07-08 12:21,2025-07-08 12:22,2025-07-08 07:03,resolved,chat,C100044,,VA-SP-MINI,Billing & Payments,Normal,Billing,A3034,,,,,N,"hello ji
invoice not downloading
itna paisa diya hai
hello??",invoice emailed. issue: invoice query. regenerated invoice. ~Megha,legacy_fd,2025-07-08 12:21:00,2025-07-08 12:22:00,2025-07-08 07:03:00,2025-07,0.016666666666666666,-5.3,0.25,False,0.0,210.0,0.0,0.0,True,Billing & Payments,Billing & Payments,ML model prediction from opening text (prob: 0.45),True
TK-253546,2026-05-26 20:58,2026-05-26 21:00,2026-05-28 02:00,resolved,chat,C108553,VR908281,VA-EB-PL2,Warranty & Repair,Normal,Escalations & Warranty,A3042,0.0,,,,N,"dear sir/madam,

i am writing with reference to my order of pulse 2 (vr908281) placed on 26/01. service centre took it, now silence. i have called service centre. i request u to process a refund to my original payment method.

regards,
ankit jain
bengaluru",contact re repair status follow-up. followed up with service centre. replacement approved and dispatched.,helpdesk,2026-05-26 20:58:00,2026-05-26 21:00:00,2026-05-28 02:00:00,2026-05,0.03333333333333333,29.033333333333335,0.25,False,0.0,210.0,0.0,0.0,True,Warranty & RMA,Warranty & RMA,ML model prediction from opening text (prob: 0.96),True
TK-251881,2026-04-06 08:15,2026-04-06 08:20,2026-04-06 08:41,resolved,chat,C108573,,VA-EB-PL2,Billing & Payments,Normal,Billing,A3034,0.0,4.0,,,N,"hi there, this is regarding pulse 2. my company accounts team is asking for the tax bill. i checked orders page. nothing changed. how do i get this fixed? awaiting response,",invoice emailed. issue: invoice not downloading. updated gstin on order. ~Megha,helpdesk,2026-04-06 08:15:00,2026-04-06 08:20:00,2026-04-06 08:41:00,2026-04,0.08333333333333333,0.43333333333333335,0.25,False,0.0,210.0,0.0,0.0,True,Billing & Payments,Billing & Payments,ML model prediction from opening text (prob: 0.85),True
TK-246122,2025-10-18 16:02,2025-10-18 16:05,2025-10-18 16:23,resolved,chat,C100120,VR883939,VA-AC-CH65,Delivery & Shipping,Normal,Logistics,A3030,0.0,,,,N,"paid on 18-10-2025, still waiting for smoething to show up.  vr883939. please help",- (SOP 5.4),helpdesk,2025-10-18 16:02:00,2025-10-18 16:05:00,2025-10-18 16:23:00,2025-10,0.05,0.35,0.25,False,0.0,210.0,0.0,0.0,True,Delivery & Shipping,Delivery & Shipping,Rule match: Delivery / Courier tracking / Non-receipt issue,True
TK-251219,2026-03-15 22:43,2026-03-15 22:56,2026-03-15 23:14,resolved,chat,C109161,VR880849,VA-NB-ARC,Delivery & Shipping,Normal,Logistics,A3027,0.0,3.0,1169.0,LOST-TRANSIT,N,"honestly regretting this purchase. ordered the neckband last week. i haven't reeived my order. i already checked the tracking page daily. i wnat a replacement or refund, nothing else.",Ticket raised for ord not delivered. Raised ticket w/ crr partner. Refund initiated as lost in transit. (SOP 4.2),helpdesk,2026-03-15 22:43:00,2026-03-15 22:56:00,2026-03-15 23:14:00,2026-03,0.21666666666666667,0.5166666666666667,0.25,False,0.0,210.0,0.0,0.0,True,Delivery & Shipping,Delivery & Shipping,Rule match: Delivery / Courier tracking / Non-receipt issue,True
TK-247164,2025-11-15 09:39,2025-11-15 09:48,2025-11-22 11:05,resolved,chat,C100849,,VA-SW-NX1,Charging & Battery,Normal,Chat Frontline,A3042,1.0,4.0,,,N,"Hi, Bought my Nexa around 26 Sep from vireo.in.  The promised 40 hours is nowhere close, I get maybe 2. I updated the app. Please advise. Rgdds",ticket raised for poor battery backup. checked fw 2.6.3. transferred to escalations & warranty. escalated to warranty.,helpdesk,2025-11-15 09:39:00,2025-11-15 09:48:00,2025-11-22 11:05:00,2025-11,0.15,169.43333333333334,0.25,False,0.0,210.0,1.0,305.0,True,Hardware & Technical,Hardware & Technical,ML model prediction from opening text (prob: 0.87),True
TK-245951,2025-10-13 17:49,2025-10-13 20:05,2025-10-13 20:28,resolved,email,C106049,VR882035,VA-SW-NX2,Charging & Battery,Normal,Email Frontline,A3018,0.0,,,,Y,"the promised 45 hours is nowhere close, I get maybe 2 - VR882035 - i want my money back",re: poor battery backup | adv disabling anc/aod to test -> new unit shipped under doa,helpdesk,2025-10-13 17:49:00,2025-10-13 20:05:00,2025-10-13 20:28:00,2025-10,2.2666666666666666,2.65,8.0,False,0.0,260.0,0.0,0.0,True,Delivery & Shipping,Hardware & Technical,ML model prediction from opening text (prob: 0.70),False
TK-245112,2025-09-15 10:10,2025-09-15 10:48,2025-09-20 11:02,resolved,chat,C108982,VR887711,VA-EB-PL2,Billing & Payments,High,Billing,A3031,1.0,,,,N,"Product: the Pulse 2 earbuds
Order: VR887711
Purchased: 07/09
Issue: payment page said success. my doorstep says otherwise
Tried: checked with neighbours
Expected: callback","payment ok. shipment issue. -> logistics Courier confirmed dlvry for 16 Sep, cx informed. Issue: order not delivered. Raised ticket with courier partner. Via Logistics. (SOP 4.2) [closed]",helpdesk,2025-09-15 10:10:00,2025-09-15 10:48:00,2025-09-20 11:02:00,2025-09,0.6333333333333333,120.86666666666666,0.25,True,350.0,210.0,1.0,305.0,True,Delivery & Shipping,Delivery & Shipping,ML model prediction from opening text (prob: 0.88),True
TK-249641,2026-01-24 17:05,2026-01-24 17:08,2026-01-24 17:27,resolved,chat,C105482,VR897512,VA-EB-PL2,Other,Normal,Chat Frontline,A3013,0.0,4.0,,,N,"Product: Pulse 2
Order: VR897512
Purchased: 19-12-2025
Issue: keeps losing my phone if I walk to the other room
Tried: turned off wifi
Expected: replacement",FW update rslvd. Issue: intermittent disconnects. chk FW 2.9.1. //SNE,helpdesk,2026-01-24 17:05:00,2026-01-24 17:08:00,2026-01-24 17:27:00,2026-01,0.05,0.36666666666666664,0.25,False,0.0,210.0,0.0,0.0,True,Hardware & Technical,Hardware & Technical,ML model prediction from opening text (prob: 0.70),True
TK-252280,2026-04-17 16:04,2026-04-17 16:12,,open,voice,C107940,,VA-EB-PL2,Other,Normal,Voice Frontline,A3024,0.0,4.0,,,N,[IVR transcript] I MOVED HOUSES YESTERDAY AND THE ORDER IS GOING TO THE OLD FLAT. i want my money back,address change request | updated address with courier -> address updated -SS,helpdesk,2026-04-17 16:04:00,2026-04-17 16:12:00,,2026-04,0.13333333333333333,,2.0,False,0.0,520.0,0.0,0.0,True,Delivery & Shipping,Other / Unclear,ML model prediction from opening text (prob: 0.51),False
TK-252268,2026-04-17 12:33,2026-04-17 12:38,2026-04-17 12:53,resolved,chat,C103354,VR891211,VA-EB-PL1,Billing & Payments,Normal,Billing,A3034,0.0,3.0,,,N,"product: my pulse
order: vr891211
purchased: 06/04
issue: coupon code not working
tried: tried on app and website
expected: resolution","adv coupon terms, rslvd. issue: promo code invalid. chk cart eligibility. ~Megha",helpdesk,2026-04-17 12:33:00,2026-04-17 12:38:00,2026-04-17 12:53:00,2026-04,0.08333333333333333,0.3333333333333333,0.25,False,0.0,210.0,0.0,0.0,True,Billing & Payments,Billing & Payments,Rule match: Payment gateway / Double charge / Invoice query,True
TK-254177,2026-06-15 05:58,2026-06-15 06:00,2026-06-15 06:23,resolved,chat,C105109,VR885691,VA-EB-PL2,Charging & Battery,Normal,Chat Frontline,A3007,0.0,3.0,,,N,"Product: the Pulse 2 earbuds
Order: VR885691
Purchased: 05-05-2026
Issue: battery draining even when not in use
Tried: turned off always-on display
Expected: fix","cx reached out - battery draining fast. advised disabling anc/aod to test. fw update pushed, advised to monitor. (sop 5.4)",helpdesk,2026-06-15 05:58:00,2026-06-15 06:00:00,2026-06-15 06:23:00,2026-06,0.03333333333333333,0.4166666666666667,0.25,False,0.0,210.0,0.0,0.0,True,Hardware & Technical,Hardware & Technical,Rule match: Hardware / Audio / Battery / Connection defect,True
TK-243144,2025-06-25 16:20,2025-06-25 16:23,2025-06-28 11:17,resolved,chat,C105219,VR896506,VA-HP-ST3,Delivery & Shipping,Normal,Logistics,A3029,,3.0,1190.0,LOST-TRANSIT,N,"hi
tracking has said out for delivery for a week now
kindly do the needful","re: order not delivered | confirmed address with cx -> refund approved, rs 1190, 5-7 working days",legacy_fd,2025-06-25 16:20:00,2025-06-25 16:23:00,2025-06-28 11:17:00,2025-06,0.05,66.95,0.25,False,0.0,210.0,0.0,0.0,True,Delivery & Shipping,Delivery & Shipping,Rule match: Delivery / Courier tracking / Non-receipt issue,True
TK-254061,2026-06-11 18:30,2026-06-11 18:32,2026-06-11 18:56,closed,chat,C105021,VR898196,VA-SW-FIT,Delivery & Shipping,Normal,Logistics,A3029,0.0,2.0,,,N,"product: my nexa fit band
order: vr898196
purchased: 31/05
issue: order not delivered, tracking not updating
tried: checked with neighbours
expected: fix",issue: delivery delayed | confirmed address with cx -> re-shipped from warehouse,helpdesk,2026-06-11 18:30:00,2026-06-11 18:32:00,2026-06-11 18:56:00,2026-06,0.03333333333333333,0.43333333333333335,0.25,False,0.0,210.0,0.0,0.0,True,Delivery & Shipping,Delivery & Shipping,Rule match: Delivery / Courier tracking / Non-receipt issue,True
TK-240129,2024-11-23 12:35,2024-11-23 14:02,2024-11-24 07:56,resolved,chat,C106902,,VA-HP-ST2,Billing & Payments,High,Billing,A3030,,,,,N,"PRODUCT: STRATA 2
ORDER: VR880053
PURCHASED: NOVEMBER 14
ISSUE: PAYMENT PAGE SAID SUCCESS. my doorstep says otherwise
Tried: called the courier
Expected: callback","cx paid fine, parcel stuck. sending to logistics team. Courier confirmed dlvry for 24 Nov, cx informed. Issue: ord not delivered. Confirmed address with cx. Via Logistics. ~Imran",legacy_fd,2024-11-23 12:35:00,2024-11-23 14:02:00,2024-11-24 07:56:00,2024-11,1.45,19.35,0.25,True,350.0,210.0,0.0,0.0,False,Delivery & Shipping,Delivery & Shipping,Rule match: Delivery / Courier tracking / Non-receipt issue,True
TK-244650,2025-08-30 10:05,2025-08-30 15:24,2025-09-04 10:06,resolved,email,C101724,VR899939,VA-EB-PL2,Delivery & Shipping,Normal,Logistics,A3030,,,,,N,"PACKAGE NOT DELIVERED EVEN AFTER 14 DAYS
VR899939",Reported: order not delivered. Raised ticket w/ courier partner. Refund initiated as lost in transit. Cx satisfied on chat. (SOP 4.2) ~Imran,legacy_fd,2025-08-30 10:05:00,2025-08-30 15:24:00,2025-09-04 10:06:00,2025-08,5.316666666666666,120.01666666666667,8.0,False,0.0,260.0,0.0,0.0,True,Delivery & Shipping,Delivery & Shipping,Rule match: Delivery / Courier tracking / Non-receipt issue,True
TK-242644,2025-05-29 15:51,2025-05-29 16:19,2025-05-29 11:08,resolved,social,C104728,VR901609,VA-EB-AIR,Connectivity,Normal,Chat Frontline,A3011,,,,,N,"Hello, Ordered AirLite 3 weeks back. It goes silent for a second every few minutes & comes back. I reset botth devices. How do I get this fixed? Please revert","re: intermittent disconnects | advised to test in different location -> advised, cx will monitor",legacy_fd,2025-05-29 15:51:00,2025-05-29 16:19:00,2025-05-29 11:08:00,2025-05,0.4666666666666667,-4.716666666666667,4.0,False,0.0,240.0,0.0,0.0,True,Hardware & Technical,Hardware & Technical,ML model prediction from opening text (prob: 0.51),True
TK-254390,2026-06-21 14:23,2026-06-21 14:25,2026-06-21 14:43,resolved,chat,C106129,VR897508,VA-EB-PL1,Product Enquiry,Normal,Chat Frontline,A3011,0.0,3.0,,,N,is teh Pulse buds compatible with my TV. please help,issue: compatibility query | shared compatibility info -> cx satisfied -SM,helpdesk,2026-06-21 14:23:00,2026-06-21 14:25:00,2026-06-21 14:43:00,2026-06,0.03333333333333333,0.3333333333333333,0.25,False,0.0,210.0,0.0,0.0,True,Product Enquiry,Product Enquiry,ML model prediction from opening text (prob: 0.97),True
TK-247529,2025-11-24 15:10,2025-11-24 15:27,2025-11-24 15:36,resolved,chat,C101637,VR896692,VA-AC-CASE,Other,Normal,Chat Frontline,A3013,0.0,3.0,1299.0,CANCEL,N,"helo
please cancel, ordered by mistake
replacement case VR896692
urgent","Already shipped, adv RTO/return. Issue: cancellation request. Cancelled before dispatch. //SNE",helpdesk,2025-11-24 15:10:00,2025-11-24 15:27:00,2025-11-24 15:36:00,2025-11,0.2833333333333333,0.43333333333333335,0.25,True,350.0,210.0,0.0,0.0,True,Delivery & Shipping,Other / Unclear,ML model prediction from opening text (prob: 0.60),False
TK-247057,2025-11-12 19:06,2025-11-12 19:08,2025-11-12 19:23,resolved,chat,C100962,,VA-EB-PL2,Delivery & Shipping,Normal,Logistics,A3030,0.0,3.0,,,N,"Hi team, Got the Puulse 2 earbuds from vireo.in last month.  Packae not delivered even after 9 days. I checked the tracking page daily. Nothing changed. I want my money back. Thanks & regards, Komal","cx states delivery delayed. Raised ticket with courier partner. RTO confirmed, reshipped. Cx informed. ~Imran",helpdesk,2025-11-12 19:06:00,2025-11-12 19:08:00,2025-11-12 19:23:00,2025-11,0.03333333333333333,0.2833333333333333,0.25,False,0.0,210.0,0.0,0.0,True,Delivery & Shipping,Delivery & Shipping,Rule match: Delivery / Courier tracking / Non-receipt issue,True
TK-249801,2026-01-29 12:40,2026-01-29 14:43,2026-01-29 15:11,resolved,voice,C103708,VR899781,VA-HP-ST3,Other,Normal,Voice Frontline,A3023,0.0,,,,N,[IVR transcript] helo pople cannot hear me on calls my strata 3 headphones anyone there,"Permissions fixed, resolved. Issue: mic issue. chk mic permissions on phone. //ZOY",helpdesk,2026-01-29 12:40:00,2026-01-29 14:43:00,2026-01-29 15:11:00,2026-01,2.05,2.5166666666666666,2.0,True,350.0,520.0,0.0,0.0,True,Hardware & Technical,Hardware & Technical,ML model prediction from opening text (prob: 0.43),True
TK-248467,2025-12-19 12:27,2025-12-19 14:13,2025-12-20 14:36,resolved,email,C103588,VR894902,VA-EB-PL2,Billing & Payments,Normal,Billing,A3031,1.0,,,,N,"Product: Pulse 2
Order: VR894902
Purchased: 14-12-2025
Issue: money went out of my account 8 days ago & I have nothing in hand
Tried: checked w/ neighbours
Expected: replacement",Refund initiated as lost in transit. Issue: dlvry delayed. Raised ticket with courier partner. Via Logistics. [closed],helpdesk,2025-12-19 12:27:00,2025-12-19 14:13:00,2025-12-20 14:36:00,2025-12,1.7666666666666666,26.15,8.0,False,0.0,260.0,1.0,305.0,True,Delivery & Shipping,Delivery & Shipping,ML model prediction from opening text (prob: 0.79),True
TK-251976,2026-04-08 15:06,2026-04-08 15:50,2026-04-08 16:02,resolved,social,C108578,VR881634,VA-AC-CBL,Product Enquiry,Normal,Chat Frontline,A3013,0.0,,,,N,"Dear Sir/Madam,

I am writing with reference to my order of USB-C cable (VR881634) placed on 10/04. Will this survive a shower. I request you to kindly arrange a replacement.

Regards,
Gurpreet Rathore",Cx satisfied. Issue: compatibility query. Shared spec sheet. //SNE,helpdesk,2026-04-08 15:06:00,2026-04-08 15:50:00,2026-04-08 16:02:00,2026-04,0.7333333333333333,0.9333333333333333,4.0,False,0.0,240.0,0.0,0.0,True,Product Enquiry,Product Enquiry,Rule match: Pre-sales / Product feature query,True
TK-240003,2024-06-29 16:59,2024-06-29 20:23,2024-06-29 15:09,resolved,email,C105788,VR898250,VA-EB-PL1,Billing & Payments,High,Billing,A3028,,,,,N,"paid on 19 jun, still waiitng for something to show up. vr898250",customer states ord not delivered. chk awb w/ crr. xfer to logistics. rfnd initiated as lost in transit.,legacy_fd,2024-06-29 16:59:00,2024-06-29 20:23:00,2024-06-29 15:09:00,2024-06,3.4,-1.8333333333333333,8.0,False,0.0,260.0,0.0,0.0,False,Delivery & Shipping,Delivery & Shipping,ML model prediction from opening text (prob: 0.75),True
TK-250921,2026-03-06 09:05,2026-03-06 10:18,2026-03-06 10:32,resolved,email,C100464,VR905750,VA-NB-ARC,Audio Quality,Normal,Email Frontline,A3020,0.0,,,,N,"Hi there, Order VR905750 (Arc neckband). Sounds like a badly tuned radio now. Please help.","Ticket raised for static noise in audio. chk FW. Adviseed EQ reset, rslvd.",helpdesk,2026-03-06 09:05:00,2026-03-06 10:18:00,2026-03-06 10:32:00,2026-03,1.2166666666666666,1.45,8.0,False,0.0,260.0,0.0,0.0,True,Hardware & Technical,Hardware & Technical,ML model prediction from opening text (prob: 0.55),True
TK-243896,2025-08-03 18:18,2025-08-03 18:36,2025-08-04 13:21,resolved,voice,C105904,VR905073,VA-SP-ORB,Returns & Refunds,Normal,Returns Desk,A3036,,5.0,,,N,[IVR transcript] hi pickup scheduled but no one showed up teh orbit smatr spaeker VR905073 hello??,cx: reverse pickup pending | re-raised pickup with courier -> refund processed without pickup as goodwill ~Pranav,legacy_fd,2025-08-03 18:18:00,2025-08-03 18:36:00,2025-08-04 13:21:00,2025-08,0.3,19.05,2.0,False,0.0,520.0,0.0,0.0,True,Returns & Refunds,Returns & Refunds,Rule match: Return pickup / refund process,True
TK-250483,2026-02-19 21:35,2026-02-19 21:48,2026-02-19 22:05,resolved,voice,C108028,VR893510,VA-EB-PL2,Delivery & Shipping,Normal,Logistics,A3029,0.0,4.0,,,N,[IVR transcript] hey i haven't received my order pulse 2 buds VR893510,order not delivered | raised ticket with courier partner -> re-shipped from warehouse,helpdesk,2026-02-19 21:35:00,2026-02-19 21:48:00,2026-02-19 22:05:00,2026-02,0.21666666666666667,0.5,2.0,False,0.0,520.0,0.0,0.0,True,Delivery & Shipping,Delivery & Shipping,ML model prediction from opening text (prob: 0.73),True
TK-244983,2025-09-10 11:09,2025-09-10 11:13,2025-09-10 06:05,resolved,chat,C101358,,VA-SP-MINI,Delivery & Shipping,Normal,Logistics,A3027,,,,,N,i haven't received my order - please call me on my registered number,Cx says dlvry delayed. Checked AWB with crr. rfnd initiated as lost in transit. (SOP 5.4),legacy_fd,2025-09-10 11:09:00,2025-09-10 11:13:00,2025-09-10 06:05:00,2025-09,0.06666666666666667,-5.066666666666666,0.25,False,0.0,210.0,0.0,0.0,True,Delivery & Shipping,Delivery & Shipping,ML model prediction from opening text (prob: 0.83),True
TK-246642,2025-11-02 12:19,2025-11-02 12:29,2025-11-02 12:48,resolved,chat,C105688,,VA-EB-PL2,Other,Normal,Chat Frontline,A3005,0.0,,1574.0,CANCEL,N,"my son ordered this without asking, pls reverse. i want my money back",rffnd of Rs 1574 initiated to source (SOP 2.7),helpdesk,2025-11-02 12:19:00,2025-11-02 12:29:00,2025-11-02 12:48:00,2025-11,0.16666666666666666,0.48333333333333334,0.25,False,0.0,210.0,0.0,0.0,True,Other / Unclear,Delivery & Shipping,ML model prediction from opening text (prob: 0.78),False
TK-253116,2026-05-13 08:07,2026-05-13 08:10,2026-05-13 08:27,closed,chat,C107501,,VA-AC-CASE,Other,Normal,Chat Frontline,A3012,0.0,,,,N,"to the vireo customer care team,

i am writing with reference to my order of spare case placed on april 29. entered wrong pincode. i have tried editing in app. i request you to kindly arrange a replacement.

sincerely,
suresh mukherjee","cx: address change request | chk dispatch status -> already dispatched, advised to redirect w/ courier",helpdesk,2026-05-13 08:07:00,2026-05-13 08:10:00,2026-05-13 08:27:00,2026-05,0.05,0.3333333333333333,0.25,False,0.0,210.0,0.0,0.0,True,Delivery & Shipping,Delivery & Shipping,Rule match: Delivery / Courier tracking / Non-receipt issue,True
TK-243678,2025-07-25 00:32,2025-07-25 02:20,2025-07-24 21:05,resolved,email,C100773,,VA-EB-PL2,Other,Low,Email Frontline,A3017,,4.0,446.0,CANCEL,N,"bhai
please cancel, ordered by mistake
bahut pareshan hu
the pulse 2 earbuds",Cx reported cancel order. Checked shipment status. rfnd of Rs 446 initiated to source.,legacy_fd,2025-07-25 00:32:00,2025-07-25 02:20:00,2025-07-24 21:05:00,2025-07,1.8,-3.45,8.0,False,0.0,260.0,0.0,0.0,True,Delivery & Shipping,Other / Unclear,ML model prediction from opening text (prob: 0.38),False
TK-246105,2025-10-18 11:19,2025-10-18 11:30,2025-10-19 11:44,resolved,chat,C100229,VR881555,VA-EB-PL2,Returns & Refunds,Normal,Returns Desk,A3037,0.0,2.0,350.0,RETURN-QC-OK,N,"Hey, pulse 2 buds purchased last week, order VR881555. You picked up the item 9 days ago and my money hasn't come back. Please help. Thank you,","re: rfnd pending | chk reverse pickuup qc status -> rfnd approved, rs 350, 5-7 working daays",helpdesk,2025-10-18 11:19:00,2025-10-18 11:30:00,2025-10-19 11:44:00,2025-10,0.18333333333333332,24.416666666666668,0.25,False,0.0,210.0,0.0,0.0,True,Returns & Refunds,Returns & Refunds,ML model prediction from opening text (prob: 0.84),True
TK-247982,2025-12-06 16:20,2025-12-06 17:03,2025-12-08 16:47,closed,chat,C102905,VR895435,VA-EB-PL2,Billing & Payments,Normal,Billing,A3033,0.0,1.0,,,N,"very poor quality. i bought pulse2 on 29/11. money gone from account, item not with me, 8 days. i already called the courier. fix this or i am posting on twitter",cx ok,helpdesk,2025-12-06 16:20:00,2025-12-06 17:03:00,2025-12-08 16:47:00,2025-12,0.7166666666666667,48.45,0.25,True,350.0,210.0,0.0,0.0,True,Delivery & Shipping,Delivery & Shipping,Rule match: Delivery / Courier tracking / Non-receipt issue,True
TK-253807,2026-06-03 16:23,2026-06-03 16:37,2026-06-03 16:56,resolved,chat,C105456,VR881834,VA-AC-CH65,Billing & Payments,Normal,Billing,A3035,0.0,5.0,,,N,"Product: 65W charger
Order: VR881834
Purchased: 02 Jun
Issue: your ad said 20% off & the cart says full price
Tried: tried in caps
Expected: resolution",Cust contacted re coupon not applied. Checked coupon validity. Partial reufnd of discount amount issued. Cx informed.,helpdesk,2026-06-03 16:23:00,2026-06-03 16:37:00,2026-06-03 16:56:00,2026-06,0.23333333333333334,0.55,0.25,False,0.0,210.0,0.0,0.0,True,Hardware & Technical,Billing & Payments,ML model prediction from opening text (prob: 0.67),False
TK-245889,2025-10-11 16:03,2025-10-11 17:15,2025-10-11 17:46,resolved,social,C106531,VR889624,VA-EB-PL1,Connectivity,Low,Chat Frontline,A3010,0.0,,,,N,it goes silent for a secnod every few minutes and comes bakc - VR889624,"1. BT dropouts
2. Checked interference sources
3. FW update rslvd",helpdesk,2025-10-11 16:03:00,2025-10-11 17:15:00,2025-10-11 17:46:00,2025-10,1.2,1.7166666666666666,4.0,False,0.0,240.0,0.0,0.0,True,Hardware & Technical,Other / Unclear,ML model prediction from opening text (prob: 0.55),False
TK-242529,2025-05-22 16:58,2025-05-22 17:59,2025-05-22 12:46,resolved,voice,C103735,VR892045,VA-SW-NX2,Other,Normal,Voice Frontline,A3023,,2.0,,,N,"hello
need to change delivery address","Already dispatched, advised to redirect with courier. Issue: address update. Checked dispatch status. //ZOY",legacy_fd,2025-05-22 16:58:00,2025-05-22 17:59:00,2025-05-22 12:46:00,2025-05,1.0166666666666666,-4.2,2.0,False,0.0,520.0,0.0,0.0,True,Delivery & Shipping,Delivery & Shipping,ML model prediction from opening text (prob: 0.55),True
TK-248990,2026-01-04 19:59,2026-01-04 20:50,2026-01-07 21:14,resolved,voice,C106439,VR896337,VA-EB-PL2,Delivery & Shipping,Normal,Logistics,A3029,0.0,,,,N,[IVR transcript] helo the courier marked it delivered but nobody in my house got anything pulse 2,re: delivery delayed | checked awb with courier -> re-shipped from warehouse,helpdesk,2026-01-04 19:59:00,2026-01-04 20:50:00,2026-01-07 21:14:00,2026-01,0.85,73.25,2.0,False,0.0,520.0,0.0,0.0,True,Delivery & Shipping,Delivery & Shipping,Rule match: Delivery / Courier tracking / Non-receipt issue,True
TK-241522,2025-03-28 22:18,2025-03-28 23:44,2025-03-28 18:34,resolved,email,C107874,VR885755,VA-SP-MINI,Billing & Payments,Normal,Billing,A3032,,,,,N,"bought the mini speaker around 19/03 from vireo.in. need gst invoice for my order.
please resolve asap.",invoice not downloading | updated gstin on order -> invoice emailed [closed],legacy_fd,2025-03-28 22:18:00,2025-03-28 23:44:00,2025-03-28 18:34:00,2025-03,1.4333333333333333,-3.7333333333333334,8.0,False,0.0,260.0,0.0,0.0,True,Billing & Payments,Billing & Payments,ML model prediction from opening text (prob: 0.41),True
TK-243941,2025-08-05 14:54,2025-08-05 17:14,2025-08-05 12:08,resolved,email,C107983,VR880575,VA-SW-NX2,Billing & Payments,High,Billing,A3035,,2.0,,,N,"Hi team, Bought Nexa 2 around 04-08-2025 from Amazon.  Coupon code not working. I tried in caps. Nothing changed. I want a replacement. Thanks in advance, Diya Mehta",Cx says coupon not applied. Chekced coupon validity. Patrial refund of discount amount issued. Cx satisfied on chat.,legacy_fd,2025-08-05 14:54:00,2025-08-05 17:14:00,2025-08-05 12:08:00,2025-08,2.3333333333333335,-2.7666666666666666,8.0,False,0.0,260.0,0.0,0.0,True,Billing & Payments,Billing & Payments,Rule match: Payment gateway / Double charge / Invoice query,True
TK-241648,2025-04-03 15:11,2025-04-03 15:14,2025-04-03 10:11,resolved,chat,C104947,VR884899,VA-EB-PL2,Billing & Payments,High,Billing,A3035,,,350.0,DUP-PAYMENT,N,"Hi, Bought Pulsse 2 around 25/10 from vireo.in.  Payment was deductde but no order was created. I tried logging out and in. Nothign changed. Please help. Please revert Tenzin",Contact re amount deducted without order. Confirmed with payment gateway. Refund of Rs 350 initiated to source. Follow-up not required. (SOP 4.2),legacy_fd,2025-04-03 15:11:00,2025-04-03 15:14:00,2025-04-03 10:11:00,2025-04,0.05,-5.0,0.25,False,0.0,210.0,0.0,0.0,True,Billing & Payments,Other / Unclear,ML model prediction from opening text (prob: 0.35),False
TK-248955,2026-01-03 19:41,2026-01-03 22:31,2026-01-06 23:56,resolved,email,C104124,,VA-SW-NX2,Warranty & Repair,High,Escalations & Warranty,A3041,0.0,,,,Y,"sir ji
the strap is tearing
itna paisa diya hai
my nexa 2 watch
hello??",cx states strap broken. Checked warranty eligibility. New unit shipped under DOA. Case closed with cx consent.,helpdesk,2026-01-03 19:41:00,2026-01-03 22:31:00,2026-01-06 23:56:00,2026-01,2.8333333333333335,76.25,8.0,False,0.0,260.0,0.0,0.0,True,Delivery & Shipping,Warranty & RMA,ML model prediction from opening text (prob: 0.78),False
TK-253964,2026-06-08 18:37,2026-06-08 19:47,2026-06-08 20:12,resolved,voice,C109218,,VA-EB-PL2,Returns & Refunds,Normal,Returns Desk,A3036,0.0,,350.0,RETURN-QC-OK,N,Really frustrating. I bought pulse 2 buds on 15/05. where is the money for the return. I already emailed twice. Refund. Now.,cx: refund pending | checked refund status on pg -> refund reprocessed ~Pranav,helpdesk,2026-06-08 18:37:00,2026-06-08 19:47:00,2026-06-08 20:12:00,2026-06,1.1666666666666667,1.5833333333333333,2.0,False,0.0,520.0,0.0,0.0,True,Returns & Refunds,Returns & Refunds,ML model prediction from opening text (prob: 0.93),True
TK-252001,2026-04-09 11:47,2026-04-09 13:29,2026-04-09 13:56,resolved,email,C103589,,VA-SP-MINI,Delivery & Shipping,Low,Logistics,A3031,0.0,,,,N,"To the Vireo Customer Care Team,

I am writing with reference to my order of Orbit Mini placed on April 06. The courier marked it delivered but nobody in my house got anything. I have checked the tracking page daily. I request u to process a refund to my original payment method.

Yours faithfully,
Dev Rathore","crr confirmed delivery for 15 Apr, cx informed. Issue: order not delivered. Confirmed address with cx. [closed]",helpdesk,2026-04-09 11:47:00,2026-04-09 13:29:00,2026-04-09 13:56:00,2026-04,1.7,2.15,8.0,False,0.0,260.0,0.0,0.0,True,Delivery & Shipping,Delivery & Shipping,Rule match: Delivery / Courier tracking / Non-receipt issue,True
TK-248304,2025-12-14 16:33,2025-12-14 16:44,2025-12-14 17:03,resolved,voice,C104314,,VA-EB-PL2,Billing & Payments,High,Billing,A3035,0.0,4.0,,,N,[IVR transcript] TEH INVOICE PDF LINK GIVES A 404,"1. GST invoice reuest
2. Updated GSTIIN on order
3. Invoice emailed",helpdesk,2025-12-14 16:33:00,2025-12-14 16:44:00,2025-12-14 17:03:00,2025-12,0.18333333333333332,0.5,2.0,False,0.0,520.0,0.0,0.0,True,Billing & Payments,Billing & Payments,ML model prediction from opening text (prob: 0.42),True
TK-253468,2026-05-24 14:10,2026-05-24 22:25,2026-05-24 22:50,resolved,email,C108185,VR899615,VA-EB-PL2,Connectivity,Normal,Email Frontline,A3007,1.0,,,,N,"hii
cannot pair pulse 2 buds with my lapop
pls reply","cx says pairing failure. walked through forget + re-pair. xfer to chat frontline. reste done, paired ok. (sop 2.7)",helpdesk,2026-05-24 14:10:00,2026-05-24 22:25:00,2026-05-24 22:50:00,2026-05,8.25,8.666666666666666,8.0,True,350.0,260.0,1.0,305.0,True,Hardware & Technical,Hardware & Technical,ML model prediction from opening text (prob: 0.61),True
TK-250471,2026-02-19 16:19,2026-02-19 16:21,2026-02-19 16:35,resolved,chat,C104330,,VA-EB-PL2,Connectivity,Normal,Chat Frontline,A3011,0.0,4.0,,,N,i am losing patience. bought my pulse 2 around january 07 from flipkart. my phone just doesn't see it in the list anymore. i already restarted the phone. refund. now,"re: device not discoverable | walked through forget + re-pair -> advised fw update via app, rslvd",helpdesk,2026-02-19 16:19:00,2026-02-19 16:21:00,2026-02-19 16:35:00,2026-02,0.03333333333333333,0.26666666666666666,0.25,False,0.0,210.0,0.0,0.0,True,Hardware & Technical,Hardware & Technical,ML model prediction from opening text (prob: 0.84),True
TK-248310,2025-12-14 21:56,2025-12-14 23:39,2025-12-14 23:54,resolved,voice,C101526,VR885995,VA-SW-NX2,Delivery & Shipping,Normal,Logistics,A3038,1.0,2.0,,,N,"[IVR transcript] dear sir/madam, this is regarding the nexa 2. please cancel, ordred by mistake. i tried cancel button, greyed out. nothing changed. not what i expected from vireo. pleaes call me on my registered number.","cx states cancel order. Checked shipment status. Transferred to Returns Desk. Already shipped, advised RTO/return. Case closed with cx consent.",helpdesk,2025-12-14 21:56:00,2025-12-14 23:39:00,2025-12-14 23:54:00,2025-12,1.7166666666666666,1.9666666666666666,2.0,False,0.0,520.0,1.0,305.0,True,Delivery & Shipping,Delivery & Shipping,ML model prediction from opening text (prob: 0.61),True
TK-246090,2025-10-17 20:37,2025-10-18 08:30,2025-10-18 09:04,resolved,email,C101491,VR888088,VA-EB-PL2,Other,Low,Email Frontline,A3020,0.0,2.0,2799.0,DUP-PAYMENT,N,"Not wht I expected from Vireo. Bought pluse 2 buds around 17/10 from vireo.in. I was charged twice for one order. I already checked wth bank. I want a replacement or refund, nothing else.",cx reached out - charged twice. conf UTRs. Refund of Rs 2799 initiated to source.,helpdesk,2025-10-17 20:37:00,2025-10-18 08:30:00,2025-10-18 09:04:00,2025-10,11.883333333333333,12.45,8.0,True,350.0,260.0,0.0,0.0,True,Billing & Payments,Billing & Payments,Rule match: Payment gateway / Double charge / Invoice query,True
TK-243776,2025-07-29 08:07,2025-07-29 08:16,2025-07-29 03:22,resolved,chat,C107087,,VA-HP-ST3,Audio Quality,High,Chat Frontline,A3015,,,,,N,"Hi team,
I bought my Strata 3 headphones on 22/02.  It goes silent for a second every few minutes and comes back.
Please advise.
Thanks",- (sop 4.2),legacy_fd,2025-07-29 08:07:00,2025-07-29 08:16:00,2025-07-29 03:22:00,2025-07,0.15,-4.75,0.25,False,0.0,210.0,0.0,0.0,True,Hardware & Technical,Hardware & Technical,ML model prediction from opening text (prob: 0.54),True
TK-243994,2025-08-07 17:20,2025-08-08 06:53,2025-08-10 01:46,resolved,email,C103287,VR908769,VA-EB-PL2,Delivery & Shipping,Low,Logistics,A3027,,,,,N,"honestly regretting this purchase. i bought my pulse 2 on 29 jul. order not delivered, tracking not updating. i already called the courier. escalate this to someone senior.","Cust contacted re ord not delivered. Raised ticket w/ crr partner. crr conf dlvry for 13 Aug, cx informed. (SOP 2.7)",legacy_fd,2025-08-07 17:20:00,2025-08-08 06:53:00,2025-08-10 01:46:00,2025-08,13.55,56.43333333333333,8.0,True,350.0,260.0,0.0,0.0,True,Delivery & Shipping,Delivery & Shipping,Rule match: Delivery / Courier tracking / Non-receipt issue,True
TK-250186,2026-02-10 22:14,2026-02-10 22:20,2026-02-12 22:43,resolved,chat,C107750,VR891114,VA-EB-PL2,Delivery & Shipping,Normal,Logistics,A3027,1.0,,,,N,I bought Pulse2 on 02-02-2026. It has been 8 days and I have nothing in hand. I checked with neighbours. Notthing changed. Please resolve asap.,"cx states ord not delivered. chk AWB w/ crr. crr conf dlvry for 16 Feb, cx informed.",helpdesk,2026-02-10 22:14:00,2026-02-10 22:20:00,2026-02-12 22:43:00,2026-02,0.1,48.483333333333334,0.25,False,0.0,210.0,1.0,305.0,True,Delivery & Shipping,Delivery & Shipping,ML model prediction from opening text (prob: 0.82),True
TK-250558,2026-02-22 15:20,2026-02-22 15:27,2026-02-25 15:39,resolved,chat,C106246,VR890868,VA-SW-FIT,Delivery & Shipping,Low,Logistics,A3030,0.0,,,,N,"Hey,
Order VR890868 (Nexa Fit). The courier marked it delivered but nobody in my house got anything.
I checked with neighbours. Nothing changed.
Please advise.
Awaiting response, Ankit Pereira",Refund initiated as lost in transit. Issue: dlvry delayed. Checked AWB w/ courier. (SOP 2.7) ~Imran,helpdesk,2026-02-22 15:20:00,2026-02-22 15:27:00,2026-02-25 15:39:00,2026-02,0.11666666666666667,72.31666666666666,0.25,False,0.0,210.0,0.0,0.0,True,Delivery & Shipping,Delivery & Shipping,Rule match: Delivery / Courier tracking / Non-receipt issue,True
TK-248361,2025-12-16 14:12,2025-12-16 18:46,2025-12-16 19:16,resolved,email,C101443,,VA-EB-PL1,Connectivity,Normal,Email Frontline,A3018,0.0,3.0,,,N,"namaste,
this is regarding the pulse buds. pairing is not working.
i forgot the device and tried again.
please resolve asap.
thanks","cx reachd out - pairing failure. asked cx to reset the device. reset done, paired ok. cx satisfied on chat.",helpdesk,2025-12-16 14:12:00,2025-12-16 18:46:00,2025-12-16 19:16:00,2025-12,4.566666666666666,5.066666666666666,8.0,False,0.0,260.0,0.0,0.0,True,Hardware & Technical,Hardware & Technical,Rule match: Hardware / Audio / Battery / Connection defect,True
TK-252929,2026-05-06 18:00,2026-05-06 18:12,2026-05-06 18:48,resolved,chat,C101940,VR882083,VA-EB-PL1,Charging & Battery,Normal,Chat Frontline,A3011,0.0,4.0,,,N,"hey
battery drains very fast, barely lasts 2 hours
my pulse
??","re: battery draining fast | checked fw 3.5.9 -> advised settings change, cx satisfied -SM",helpdesk,2026-05-06 18:00:00,2026-05-06 18:12:00,2026-05-06 18:48:00,2026-05,0.2,0.8,0.25,False,0.0,210.0,0.0,0.0,True,Hardware & Technical,Hardware & Technical,Rule match: Hardware / Audio / Battery / Connection defect,True
TK-244551,2025-08-27 18:04,2025-08-27 19:54,2025-08-27 15:00,resolved,social,C106212,VR903523,VA-SP-ORB,Connectivity,Normal,Chat Frontline,A3013,,,,,N,"cannot connect teh speaker to wifi, vr903523","2.4GHz worked, resolved. Issue: wifi setup failing. chk app version. //SNE",legacy_fd,2025-08-27 18:04:00,2025-08-27 19:54:00,2025-08-27 15:00:00,2025-08,1.8333333333333333,-3.066666666666667,4.0,False,0.0,240.0,0.0,0.0,True,Hardware & Technical,Product Enquiry,ML model prediction from opening text (prob: 0.62),False
TK-252831,2026-05-03 19:24,2026-05-03 19:41,2026-05-03 19:57,resolved,chat,C100788,,VA-EB-AIR,Delivery & Shipping,Normal,Logistics,A3030,0.0,,,,N,"Dear Sir/Madam,

I am writing with reference to my order of airlite earbuds placed on 21 Apr. Order status stuck on shipped since 21 Apr. I have checked the tracking page daily. I request you to kindly arrange a replacement.

Sincerely,
Payal Verma
Kolkata","Customer states order not delivered. Checked AWB with crr. crr confirmed delivery for 04 May, cx informed. Cx satisfied on chat. (SOP 2.7) ~Imran",helpdesk,2026-05-03 19:24:00,2026-05-03 19:41:00,2026-05-03 19:57:00,2026-05,0.2833333333333333,0.55,0.25,True,350.0,210.0,0.0,0.0,True,Warranty & RMA,Delivery & Shipping,Rule match: Delivery / Courier tracking / Non-receipt issue,False
TK-249879,2026-02-01 10:32,2026-02-01 11:52,2026-02-01 12:12,resolved,chat,C102428,,VA-NB-ARC,Billing & Payments,Low,Billing,A3030,1.0,3.0,,,N,"hey
your site took the money happily, the box never came
the neckband
anyone there","Not a billing issue - dlvry query, transferring to logistics. Reported: dlvry delayed. Confirmed address w/ cx. xfer to Logistics. Courier confirmed dlvry for 05 Feb, cx informed. Cx informed.",helpdesk,2026-02-01 10:32:00,2026-02-01 11:52:00,2026-02-01 12:12:00,2026-02,1.3333333333333333,1.6666666666666667,0.25,True,350.0,210.0,1.0,305.0,True,Delivery & Shipping,Delivery & Shipping,ML model prediction from opening text (prob: 0.72),True
TK-245984,2025-10-14 17:02,2025-10-14 17:04,2025-10-19 17:16,resolved,chat,C103058,,VA-HP-ST3,Delivery & Shipping,Normal,Logistics,A3030,0.0,,,,N,"order not delivered, tracking not updating, waiiting for your reply","cx reached out - delivery delayed. Confirmed address with cx. Courier confirmed delivery for 15 Oct, cx informed. Cx satisfied on chat. (SOP 4.2) ~Imran",helpdesk,2025-10-14 17:02:00,2025-10-14 17:04:00,2025-10-19 17:16:00,2025-10,0.03333333333333333,120.23333333333333,0.25,False,0.0,210.0,0.0,0.0,True,Delivery & Shipping,Delivery & Shipping,Rule match: Delivery / Courier tracking / Non-receipt issue,True
TK-251326,2026-03-19 18:39,2026-03-19 18:40,2026-03-19 18:58,resolved,chat,C108370,,VA-EB-PL2,Charging & Battery,Normal,Chat Frontline,A3011,0.0,,,,Y,"product: pulse 2 buds
order: vr881414
purchased: 15/11
issue: the charging case is not charging
tried: charged for 6 hours nothing
expected: fix","cx: case no led / no charge | confirmed case led dead -> rplc raised, rma shared w/ cx",helpdesk,2026-03-19 18:39:00,2026-03-19 18:40:00,2026-03-19 18:58:00,2026-03,0.016666666666666666,0.31666666666666665,0.25,False,0.0,210.0,0.0,0.0,True,Warranty & RMA,Hardware & Technical,Rule match: Hardware / Audio / Battery / Connection defect,False
TK-248995,2026-01-04 23:12,2026-01-04 23:17,2026-01-10 00:01,closed,chat,C100739,VR885650,VA-HP-ST3,Billing & Payments,Normal,Billing,A3027,1.0,,,,N,"Hi team, I bought my Strata 3 headphones on December 29. I haven't received my order, payment was done on 29/12. I called the courier. Nothing changed. Waiting for your reply.","Ticket raised for dlvry delayed. Raised ticket w/ crr partner. xfer to Logistics. RTO confirmed, reshipped.",helpdesk,2026-01-04 23:12:00,2026-01-04 23:17:00,2026-01-10 00:01:00,2026-01,0.08333333333333333,120.81666666666666,0.25,False,0.0,210.0,1.0,305.0,True,Delivery & Shipping,Delivery & Shipping,Rule match: Delivery / Courier tracking / Non-receipt issue,True
TK-247611,2025-11-26 17:40,2025-11-26 20:23,2025-11-26 20:46,resolved,email,C102016,VR884428,VA-EB-PL2,Connectivity,Normal,Email Frontline,A3018,0.0,3.0,,,N,pairing is not working,"re-pair successful, rslvd on chat",helpdesk,2025-11-26 17:40:00,2025-11-26 20:23:00,2025-11-26 20:46:00,2025-11,2.716666666666667,3.1,8.0,False,0.0,260.0,0.0,0.0,True,Hardware & Technical,Hardware & Technical,Rule match: Hardware / Audio / Battery / Connection defect,True
TK-253415,2026-05-22 15:00,2026-05-22 16:17,2026-05-22 16:38,resolved,email,C106950,VR902691,VA-NB-ARC,Account & Login,Normal,Email Frontline,A3018,0.0,5.0,,,N,"got arc neckband from vireo.in a month ago. cannot login to my account. i tried 5 times. nothing changed. very poor quality. how do i get this fixed? thanks, nisha","contact re unable to log in. checked otp logs. otp resent, cx logged in. wlil monitor.",helpdesk,2026-05-22 15:00:00,2026-05-22 16:17:00,2026-05-22 16:38:00,2026-05,1.2833333333333334,1.6333333333333333,8.0,False,0.0,260.0,0.0,0.0,True,Account & Login,Account & Login,Rule match: Account authentication / OTP issue,True
TK-250846,2026-03-03 10:43,2026-03-03 10:47,2026-03-05 11:07,resolved,chat,C104409,VR901439,VA-AC-CASE,Billing & Payments,High,Billing,A3034,0.0,,,,N,refund was promised 19 days ago and nothing. VR901439. kindly look into it,"1. refund not credited
2. chk refund status on pg
3. refund reprocessed ~Megha",helpdesk,2026-03-03 10:43:00,2026-03-03 10:47:00,2026-03-05 11:07:00,2026-03,0.06666666666666667,48.4,0.25,False,0.0,210.0,0.0,0.0,True,Billing & Payments,Returns & Refunds,ML model prediction from opening text (prob: 0.73),False
TK-243334,2025-07-07 09:13,2025-07-07 09:14,2025-07-07 04:15,resolved,chat,C103109,VR909712,VA-NB-ARC,Charging & Battery,Normal,Chat Frontline,A3012,,3.0,,,Y,"hii
charging case dead, tried 3 cables
urgent",issue: case not charging | conf case led dead -> new unit shipped under doa -SS,legacy_fd,2025-07-07 09:13:00,2025-07-07 09:14:00,2025-07-07 04:15:00,2025-07,0.016666666666666666,-4.966666666666667,0.25,False,0.0,210.0,0.0,0.0,True,Delivery & Shipping,Hardware & Technical,Rule match: Hardware / Audio / Battery / Connection defect,False
TK-240672,2025-02-08 15:36,2025-02-08 17:24,2025-02-10 12:18,resolved,social,C105317,,VA-SW-NX1,Delivery & Shipping,Normal,Logistics,A3029,,2.0,,,N,the courier marked it delivered but nobody in my house got anything,"re: delivery delayed | confirmed address with cx -> courier confirmed delivery for 12 feb, cx informed",legacy_fd,2025-02-08 15:36:00,2025-02-08 17:24:00,2025-02-10 12:18:00,2025-02,1.8,44.7,4.0,False,0.0,240.0,0.0,0.0,True,Delivery & Shipping,Delivery & Shipping,Rule match: Delivery / Courier tracking / Non-receipt issue,True
TK-244230,2025-08-16 11:57,2025-08-16 12:16,2025-08-16 07:00,resolved,chat,C100044,VR901749,VA-SP-MINI,Account & Login,Normal,Chat Frontline,A3009,,,,,N,"product: orbit mini
order: vr901749
purchased: 02/07
issue: your site keeps saying it sent me a code and my phone disagrees
tried: tried 5 times
expected: replacement","otp not received | checked number on account -> number updated, rslvd",legacy_fd,2025-08-16 11:57:00,2025-08-16 12:16:00,2025-08-16 07:00:00,2025-08,0.31666666666666665,-4.95,0.25,True,350.0,210.0,0.0,0.0,True,Account & Login,Account & Login,ML model prediction from opening text (prob: 0.98),True
TK-240741,2025-02-12 20:08,2025-02-13 02:42,2025-02-12 21:50,resolved,email,C105636,VR902295,VA-SW-NX2,Other,Low,Email Frontline,A3001,,,,,N,"To the Vireo Customer Care Team,

I am writing with reference to my oredr of Nexa 2 (VR902295) placed on 06-02-2025.  UPI shows success, your app shows nothing. I have checked bank statement. I request you to process a refund to my original payment method.

Sincerely,
Vikram Qureshi
Jaipur",ticket raised for failed order after payment. checked pg dashboard for txn. refund processed to source. ~Abhishek,legacy_fd,2025-02-12 20:08:00,2025-02-13 02:42:00,2025-02-12 21:50:00,2025-02,6.566666666666666,1.7,8.0,False,0.0,260.0,0.0,0.0,True,Hardware & Technical,Billing & Payments,ML model prediction from opening text (prob: 0.47),False
TK-247757,2025-11-30 15:34,2025-11-30 15:52,2025-12-01 18:36,resolved,voice,C105286,VR907131,VA-NB-ARC,Warranty & Repair,Normal,Escalations & Warranty,A3042,0.0,,,,Y,"[IVR transcript] Not acceptable at this price. Bought the neckband around 08 Jun from vireo.in. no update on my repair. I already called service centre. I WANT A REPLACEMENT OR REFUND, NOTHING ELSE.",cust contacted re rma status query. checked rma status. new unit shipped under doa.,helpdesk,2025-11-30 15:34:00,2025-11-30 15:52:00,2025-12-01 18:36:00,2025-11,0.3,27.033333333333335,2.0,False,0.0,520.0,0.0,0.0,True,Warranty & RMA,Warranty & RMA,ML model prediction from opening text (prob: 0.89),True
TK-248681,2025-12-25 19:22,2025-12-25 19:23,2026-01-03 20:50,resolved,chat,C105017,VR901107,VA-EB-PL2,Audio Quality,Normal,Chat Frontline,A3041,1.0,4.0,,,Y,"hey, this is regarding the pulse 2 earbuds. only one side plays sound. need this sorted this week. please revert pooja chatterjee",re: single side audio only | asked cx to check bud in case -> rplc unit dispatched | xfer escalations & warranty,helpdesk,2025-12-25 19:22:00,2025-12-25 19:23:00,2026-01-03 20:50:00,2025-12,0.016666666666666666,217.46666666666667,0.25,False,0.0,210.0,1.0,305.0,True,Delivery & Shipping,Warranty & RMA,ML model prediction from opening text (prob: 0.28),False
TK-244949,2025-09-09 09:53,2025-09-09 10:01,2025-09-09 04:40,resolved,chat,C102565,,VA-AC-CBL,Other,Normal,Chat Frontline,A3007,,,,,N,"helo
ordered teh wrong colour, don't ship it
the cable","cancelled, refund initiated. issue: ord cancellation. chk shipment status.",legacy_fd,2025-09-09 09:53:00,2025-09-09 10:01:00,2025-09-09 04:40:00,2025-09,0.13333333333333333,-5.216666666666667,0.25,False,0.0,210.0,0.0,0.0,True,Delivery & Shipping,Delivery & Shipping,ML model prediction from opening text (prob: 0.71),True
TK-253812,2026-06-03 20:24,2026-06-03 20:40,2026-06-03 21:18,resolved,chat,C105177,,VA-EB-PL1,Charging & Battery,Normal,Chat Frontline,A3013,2.0,2.0,,,N,"Dear Sir/Madam,
Got Pulse earbuds from Flipkart last month.  Battery life has dropped to almost nothing.
Waiting for your reply.
Thanks in advance, Tanvi","adv settings change, cx satisfied. Issue: poor battery backup. chk usage pattern with cx. //SNE",helpdesk,2026-06-03 20:24:00,2026-06-03 20:40:00,2026-06-03 21:18:00,2026-06,0.26666666666666666,0.9,0.25,True,350.0,210.0,2.0,610.0,True,Hardware & Technical,Hardware & Technical,Rule match: Hardware / Audio / Battery / Connection defect,True
TK-249164,2026-01-10 11:33,2026-01-10 11:34,2026-01-10 11:58,resolved,chat,C109304,,VA-EB-PL1,Billing & Payments,High,Billing,A3035,0.0,,,,N,"helo
paid, confirmed, then nothing. 10 days and counting
??",Cnotact re shipment not received. Raised ticket with courier partner. Refund inititaed as lost in transit. Case closed with cx consent.,helpdesk,2026-01-10 11:33:00,2026-01-10 11:34:00,2026-01-10 11:58:00,2026-01,0.016666666666666666,0.4166666666666667,0.25,False,0.0,210.0,0.0,0.0,True,Delivery & Shipping,Delivery & Shipping,ML model prediction from opening text (prob: 0.67),True
TK-252968,2026-05-07 20:53,2026-05-07 20:58,2026-05-12 21:21,resolved,chat,C106449,VR885906,VA-EB-PL2,Delivery & Shipping,Normal,Logistics,A3029,0.0,2.0,,,Y,This is very disappointing. This is regarding my Pulse 2. got a diffrent colour tahn ordered. I already rechecked my order. Fix tis or I am posting on twitter.,"wrong variant received | raised with warehouse -> replacement raised, rma shared with cx",helpdesk,2026-05-07 20:53:00,2026-05-07 20:58:00,2026-05-12 21:21:00,2026-05,0.08333333333333333,120.46666666666667,0.25,False,0.0,210.0,0.0,0.0,True,Warranty & RMA,Returns & Refunds,ML model prediction from opening text (prob: 0.34),False
TK-250714,2026-02-27 08:47,2026-02-27 08:49,2026-03-01 09:13,resolved,chat,C105146,VR884501,VA-HP-ST2,Other,Normal,Chat Frontline,A3015,0.0,,,,N,I haven't received my order. VR884501,"ticket raised for delivery delayed. checked awb with courier. rto confirmed, reshipped. (sop 2.7)",helpdesk,2026-02-27 08:47:00,2026-02-27 08:49:00,2026-03-01 09:13:00,2026-02,0.03333333333333333,48.43333333333333,0.25,False,0.0,210.0,0.0,0.0,True,Delivery & Shipping,Delivery & Shipping,ML model prediction from opening text (prob: 0.95),True
TK-246883,2025-11-08 14:05,2025-11-08 16:39,2025-11-08 17:09,resolved,email,C106068,,VA-HP-ST3,Billing & Payments,High,Billing,A3031,2.0,1.0,,,N,Not what I expected from Vireo. Ordered Strata 3 last month. payment page said success. my doorstep says otherwise. I aleady checked teh tracking page daily. Escalate this to someone senior.,Refund initiated as lost in transit. Issue: dlvry delayed. Raised ticket with crr partner. Via Logistics. (SOP 4.2),helpdesk,2025-11-08 14:05:00,2025-11-08 16:39:00,2025-11-08 17:09:00,2025-11,2.566666666666667,3.066666666666667,8.0,False,0.0,260.0,2.0,610.0,True,Delivery & Shipping,Delivery & Shipping,Rule match: Delivery / Courier tracking / Non-receipt issue,True
TK-246650,2025-11-02 18:07,2025-11-02 18:12,2025-11-02 18:35,resolved,chat,C104767,,VA-EB-PL2,Charging & Battery,Normal,Chat Frontline,A3010,0.0,,,,Y,"helo
case wont charge since in june","1. Case not charging
2. chk for lint in port
3. rplc approved, reverse pkp arranged",helpdesk,2025-11-02 18:07:00,2025-11-02 18:12:00,2025-11-02 18:35:00,2025-11,0.08333333333333333,0.4666666666666667,0.25,False,0.0,210.0,0.0,0.0,True,Returns & Refunds,Hardware & Technical,ML model prediction from opening text (prob: 0.51),False
TK-248760,2025-12-28 14:08,2025-12-28 17:03,2025-12-28 17:13,resolved,email,C106370,,VA-SW-NX2,Product Enquiry,Normal,Email Frontline,A3018,0.0,,,,N,does my Nexa 2 watch work with iPhone,query answered. issue: pre-sales query. shared compatibility info.,helpdesk,2025-12-28 14:08:00,2025-12-28 17:03:00,2025-12-28 17:13:00,2025-12,2.9166666666666665,3.0833333333333335,8.0,False,0.0,260.0,0.0,0.0,True,Product Enquiry,Product Enquiry,ML model prediction from opening text (prob: 0.98),True
TK-249401,2026-01-17 23:53,2026-01-18 00:05,2026-01-19 02:38,resolved,chat,C107711,,VA-SW-NX2,Warranty & Repair,Normal,Escalations & Warranty,A3040,0.0,,,,N,"Dear Sir/Madam,

I am writing w/ reference to my order of Nexa 2 placed on 25-12-2025. Watch not responding to touch. I have restarted. I request you to look into this matter at the earliest.

Sincerely,
Varun Shinde",as discussed ~Geeta,helpdesk,2026-01-17 23:53:00,2026-01-18 00:05:00,2026-01-19 02:38:00,2026-01,0.2,26.75,0.25,False,0.0,210.0,0.0,0.0,True,Warranty & RMA,Warranty & RMA,ML model prediction from opening text (prob: 0.52),True
TK-251780,2026-04-02 18:06,2026-04-02 18:10,2026-04-09 19:28,resolved,chat,C100328,VR889649,VA-HP-ST3,Audio Quality,Normal,Chat Frontline,A3040,1.0,3.0,,,Y,"Hello, I bought my Strata 3 headphones on February 22. No sound from the right earbud. I checked balance settings. Nothing changed. Can someone fix this?","1. No audio one side
2. Walked through reset
3. Transferred to Escalations & wty
4. Replacement raised ~Geeta",helpdesk,2026-04-02 18:06:00,2026-04-02 18:10:00,2026-04-09 19:28:00,2026-04,0.06666666666666667,169.36666666666667,0.25,False,0.0,210.0,1.0,305.0,True,Hardware & Technical,Hardware & Technical,ML model prediction from opening text (prob: 0.73),True
TK-254568,2026-06-26 20:57,2026-06-26 22:19,,pending,voice,C105399,,VA-EB-AIR,Charging & Battery,Normal,Voice Frontline,A3001,0.0,,,,N,battery backup is terrble now,"poor battery backup | checked usage pattern with cx -> advised settings change, cx satisfied",helpdesk,2026-06-26 20:57:00,2026-06-26 22:19:00,,2026-06,1.3666666666666667,,2.0,False,0.0,520.0,0.0,0.0,True,Hardware & Technical,Hardware & Technical,Rule match: Hardware / Audio / Battery / Connection defect,True
TK-249593,2026-01-23 20:00,2026-01-23 21:02,2026-01-23 21:24,resolved,email,C108398,,VA-AC-CBL,Billing & Payments,Normal,Billing,A3035,0.0,,60.0,DUP-PAYMENT,N,"helo
my bank says rs 4999 went to you but your site says i have no orders
usb-c cable","Reported: payment debited, no order. Checked PG dashboard for txn. Refund approved, Rs 60, 5-7 working days. Follow-up not required.",helpdesk,2026-01-23 20:00:00,2026-01-23 21:02:00,2026-01-23 21:24:00,2026-01,1.0333333333333334,1.4,8.0,False,0.0,260.0,0.0,0.0,True,Billing & Payments,Billing & Payments,ML model prediction from opening text (prob: 0.71),True
TK-241348,2025-03-19 19:43,2025-03-19 21:02,2025-03-24 14:44,resolved,chat,C107973,,VA-SW-FIT,Billing & Payments,High,Billing,A3029,,,,,N,"payment successful but order not delivered
i want my money back","Not a billing issue - delivery query, transferring to logistics. issue: delivery delayed | raised ticket with courier partner -> re-shipped from warehouse | xfer logistics",legacy_fd,2025-03-19 19:43:00,2025-03-19 21:02:00,2025-03-24 14:44:00,2025-03,1.3166666666666667,115.01666666666667,0.25,True,350.0,210.0,0.0,0.0,True,Delivery & Shipping,Delivery & Shipping,Rule match: Delivery / Courier tracking / Non-receipt issue,True
TK-253149,2026-05-14 04:24,2026-05-14 04:27,2026-05-14 04:50,resolved,chat,C105699,VR890995,VA-HP-ST2,Other,Normal,Chat Frontline,A3002,0.0,,,,N,discount was not applied at checkout,"Cx says promo code invalid. chk cart eligibility. Advised coupon terms, resolved. Closing. (SOP 4.2) -VG",helpdesk,2026-05-14 04:24:00,2026-05-14 04:27:00,2026-05-14 04:50:00,2026-05,0.05,0.43333333333333335,0.25,False,0.0,210.0,0.0,0.0,True,Hardware & Technical,Billing & Payments,ML model prediction from opening text (prob: 0.58),False
TK-252141,2026-04-13 07:10,2026-04-13 07:13,2026-04-14 07:29,resolved,chat,C101259,,VA-HP-ST3,Delivery & Shipping,Normal,Logistics,A3031,0.0,,,,N,Pathetic experience honestly. Ordreed Strata 3 recently. return pickup has not happened. I already called courier. Fix this or I am posting on twitter.,Refund processed without pkp as goodwill. Issue: pkp missed. Checked pkp AWB. (SOP 4.2),helpdesk,2026-04-13 07:10:00,2026-04-13 07:13:00,2026-04-14 07:29:00,2026-04,0.05,24.316666666666666,0.25,False,0.0,210.0,0.0,0.0,True,Returns & Refunds,Returns & Refunds,Rule match: Return pickup / refund process,True
TK-241726,2025-04-07 18:33,2025-04-07 19:27,2025-04-09 14:23,resolved,email,C105031,VR906736,VA-SP-MINI,Delivery & Shipping,Normal,Logistics,A3030,,3.0,,,N,"Namaste, Ordered the mini speaker recently. I haven't received my order. Can someone fix this? Awaiting response, Ramesh Patel",Cust contacted re shipment not received. Raised ticket w/ courier partner. Re-shipped from warehouse. Follow-up not required. ~Imran,legacy_fd,2025-04-07 18:33:00,2025-04-07 19:27:00,2025-04-09 14:23:00,2025-04,0.9,43.833333333333336,8.0,False,0.0,260.0,0.0,0.0,True,Delivery & Shipping,Delivery & Shipping,ML model prediction from opening text (prob: 0.52),True
TK-241889,2025-04-16 00:52,2025-04-16 00:56,2025-04-15 19:31,resolved,chat,C105929,VR888411,VA-SW-FIT,Product Enquiry,Normal,Chat Frontline,A3003,,5.0,,,N,"nexa fit purchased last month, order vr888411. can i connect two nexa fit together. waiting for your reply.",contact re compatibility query. shared compatibility info. query answered.,legacy_fd,2025-04-16 00:52:00,2025-04-16 00:56:00,2025-04-15 19:31:00,2025-04,0.06666666666666667,-5.35,0.25,False,0.0,210.0,0.0,0.0,True,Product Enquiry,Product Enquiry,Rule match: Pre-sales / Product feature query,True
TK-249832,2026-01-30 16:44,2026-01-30 16:44,2026-01-30 17:03,closed,chat,C105377,VR896847,VA-EB-AIR,Other,Normal,Chat Frontline,A3011,0.0,,,,N,cancel order VR896847. VR896847. waiting for your reply,"cx: cancellation request | checked shipment status -> cancelled, rfnd initiated -SM",helpdesk,2026-01-30 16:44:00,2026-01-30 16:44:00,2026-01-30 17:03:00,2026-01,0.0,0.31666666666666665,0.25,False,0.0,210.0,0.0,0.0,True,Delivery & Shipping,Delivery & Shipping,ML model prediction from opening text (prob: 0.54),True
TK-246427,2025-10-27 18:04,2025-10-27 18:12,2025-10-27 18:47,resolved,chat,C100768,,VA-SW-FIT,Charging & Battery,Low,Chat Frontline,A3010,0.0,4.0,,,N,"product: nexa fit
order: vr897717
purchased: august 30
issue: goes from full to empty during one commute
tried: updated the app
expected: replacement","FW update pushed, advised to monitor. Issue: poor battery backup. chk FW 2.0.5.",helpdesk,2025-10-27 18:04:00,2025-10-27 18:12:00,2025-10-27 18:47:00,2025-10,0.13333333333333333,0.7166666666666667,0.25,False,0.0,210.0,0.0,0.0,True,Hardware & Technical,Hardware & Technical,ML model prediction from opening text (prob: 0.83),True
TK-241659,2025-04-03 20:26,2025-04-03 20:49,2025-04-03 15:33,resolved,voice,C103837,,VA-EB-PL1,Product Enquiry,Normal,Voice Frontline,A3024,,4.0,,,N,does pules 1 work wtih iPhone,Cx reported product enquiry. Shared spec sheet. Query answered. -SS,legacy_fd,2025-04-03 20:26:00,2025-04-03 20:49:00,2025-04-03 15:33:00,2025-04,0.38333333333333336,-4.883333333333334,2.0,False,0.0,520.0,0.0,0.0,True,Product Enquiry,Product Enquiry,ML model prediction from opening text (prob: 0.92),True
TK-247643,2025-11-27 18:02,2025-11-27 18:09,2025-11-27 18:18,resolved,chat,C107068,VR883774,VA-EB-PL1,Account & Login,Normal,Chat Frontline,A3011,0.0,5.0,,,N,i bought my pulse on 13 apr. cannot login to my account. i tried on another browser. what do i do now? rgds ishaan mishra,"number updated, resolved. issue: unable to log in. checked number on account. -SM",helpdesk,2025-11-27 18:02:00,2025-11-27 18:09:00,2025-11-27 18:18:00,2025-11,0.11666666666666667,0.26666666666666666,0.25,False,0.0,210.0,0.0,0.0,True,Account & Login,Account & Login,Rule match: Account authentication / OTP issue,True
TK-252488,2026-04-23 18:53,2026-04-23 19:17,2026-04-23 19:28,resolved,social,C107649,,VA-AC-CASE,Billing & Payments,Normal,Billing,A3035,0.0,,,,N,"Hi Vireo support, Bought replacement case around April 09 from vireo.in. Your ad said 20% off and teh cart says full price. I tried in caps. Not what I expected form Vireo. I want a replacement. Regards,",Cx reported promo code invalid. Checked catr eligibility. Partial refund of discount amount issued. Will monitor.,helpdesk,2026-04-23 18:53:00,2026-04-23 19:17:00,2026-04-23 19:28:00,2026-04,0.4,0.5833333333333334,4.0,False,0.0,240.0,0.0,0.0,True,Billing & Payments,Billing & Payments,ML model prediction from opening text (prob: 0.58),True
TK-254250,2026-06-17 10:26,2026-06-17 10:45,2026-06-17 11:01,resolved,chat,C103998,VR906690,VA-SP-ORB,Other,High,Chat Frontline,A3006,0.0,3.0,,,N,"hi
i moved houses yesterday and the order is going to the old flat
my orbit VR906690
urgent","wrong pincode | updated address with crr -> already dispatched, advised to redirect with crr [closed]",helpdesk,2026-06-17 10:26:00,2026-06-17 10:45:00,2026-06-17 11:01:00,2026-06,0.31666666666666665,0.5833333333333334,0.25,True,350.0,210.0,0.0,0.0,True,Delivery & Shipping,Other / Unclear,ML model prediction from opening text (prob: 0.54),False
TK-250396,2026-02-17 12:15,2026-02-17 12:18,2026-02-17 12:33,resolved,chat,C104887,VR884380,VA-SW-NX2,Other,Normal,Chat Frontline,A3005,0.0,4.0,,,N,"product: my nexa 2 watch
order: vr884380
purchased: 09-02-2026
issue: update my shipping address
tried: tried editing in app
expected: fix",done (SOP 3.1),helpdesk,2026-02-17 12:15:00,2026-02-17 12:18:00,2026-02-17 12:33:00,2026-02,0.05,0.3,0.25,False,0.0,210.0,0.0,0.0,True,Hardware & Technical,Other / Unclear,ML model prediction from opening text (prob: 0.62),False
TK-251428,2026-03-22 20:40,2026-03-22 20:46,,open,chat,C107373,VR909539,VA-HP-ST3,Billing & Payments,Normal,Billing,A3028,1.0,2.0,,,N,"helo
paymet successful but order not delivered","bot tagged as billing, actually shipment issue. moved to logistics. shipment not rcvd | conf address w/ cx -> rfnd initiated as lost in transit | xfer logistics",helpdesk,2026-03-22 20:40:00,2026-03-22 20:46:00,,2026-03,0.1,,0.25,False,0.0,210.0,1.0,305.0,True,Delivery & Shipping,Delivery & Shipping,Rule match: Delivery / Courier tracking / Non-receipt issue,True
TK-242741,2025-06-03 14:29,2025-06-03 18:27,2025-06-03 13:17,resolved,email,C106008,VR889221,VA-SW-NX2,Returns & Refunds,Normal,Returns Desk,A3036,,,,,N,"Dear Sir/Madam, my Nexa 2 watch purchased 10 days ago, order VR889221. Still waiting for my refund. I checked bank. Nothing changed. Can someone fix this? Please revert, Lobsang Saxena",refund delay | checked reverse pickup qc status -> arn shared with cx ~Pranav,legacy_fd,2025-06-03 14:29:00,2025-06-03 18:27:00,2025-06-03 13:17:00,2025-06,3.966666666666667,-1.2,8.0,False,0.0,260.0,0.0,0.0,True,Returns & Refunds,Returns & Refunds,ML model prediction from opening text (prob: 0.77),True
TK-244143,2025-08-12 12:39,2025-08-12 12:44,2025-08-12 07:25,resolved,chat,C107071,,VA-SW-FIT,Account & Login,Normal,Chat Frontline,A3005,,5.0,,,N,"sir ji
the login code never arrives, tried 6 times
abih tak kuch nahi hua","OTP resent, cx logged in (SOP 5.4)",legacy_fd,2025-08-12 12:39:00,2025-08-12 12:44:00,2025-08-12 07:25:00,2025-08,0.08333333333333333,-5.233333333333333,0.25,False,0.0,210.0,0.0,0.0,True,Account & Login,Account & Login,Rule match: Account authentication / OTP issue,True
TK-251705,2026-03-31 10:14,2026-03-31 11:21,2026-04-08 16:01,resolved,voice,C102253,,VA-EB-PL2,Warranty & Repair,Normal,Escalations & Warranty,A3041,0.0,,,,N,"team,
no update on my repair
pulse 2 buds",Ticket raised for warranty claim status. Followed up with service centre. Replacement approved and dispatched. Cx satisfied on chat.,helpdesk,2026-03-31 10:14:00,2026-03-31 11:21:00,2026-04-08 16:01:00,2026-03,1.1166666666666667,197.78333333333333,2.0,False,0.0,520.0,0.0,0.0,True,Warranty & RMA,Warranty & RMA,ML model prediction from opening text (prob: 0.88),True
TK-242877,2025-06-11 14:07,2025-06-11 14:10,2025-06-14 09:14,resolved,chat,C109209,VR891414,VA-SW-NX2,Returns & Refunds,Normal,Returns Desk,A3029,,4.0,6499.0,RETURN-QC-OK,N,"HII
STILL WAITING FOR MY REFUND
MY NEXA 2 WATCH VR891414",issue: refund pending | checked reverse pickup qc status -> refund confirmed credited | xfer logistics,legacy_fd,2025-06-11 14:07:00,2025-06-11 14:10:00,2025-06-14 09:14:00,2025-06,0.05,67.11666666666666,0.25,False,0.0,210.0,0.0,0.0,True,Returns & Refunds,Returns & Refunds,ML model prediction from opening text (prob: 0.88),True
TK-243245,2025-07-01 10:13,2025-07-01 10:23,2025-07-05 06:00,resolved,chat,C101218,VR902079,VA-SW-FIT,Connectivity,Normal,Chat Frontline,A3042,,,,,N,"Hi there,
Got my Nexa Fit band from vireo.in last week. My phone just doesn't see it in the lst anymore.
I restarted the phone. Nothing changed.
How do I get this fixed?","cust contacted re pairing failure. asked cx to reset the device. transferred to escalations & warranty. reset done, paired ok.",legacy_fd,2025-07-01 10:13:00,2025-07-01 10:23:00,2025-07-05 06:00:00,2025-07,0.16666666666666666,91.78333333333333,0.25,False,0.0,210.0,0.0,0.0,True,Hardware & Technical,Hardware & Technical,ML model prediction from opening text (prob: 0.81),True
TK-251794,2026-04-03 14:13,2026-04-03 14:17,2026-04-05 14:32,resolved,chat,C102167,,VA-SP-ORB,Returns & Refunds,High,Returns Desk,A3036,0.0,3.0,,,N,pickup scheduled but no one showed up. how do i get this fixed?,"issue: reverse pickup pending | checked pickup awb -> pickup done, refund initiated",helpdesk,2026-04-03 14:13:00,2026-04-03 14:17:00,2026-04-05 14:32:00,2026-04,0.06666666666666667,48.31666666666667,0.25,False,0.0,210.0,0.0,0.0,True,Returns & Refunds,Returns & Refunds,Rule match: Return pickup / refund process,True
TK-249659,2026-01-25 11:12,2026-01-25 11:17,2026-02-02 17:05,resolved,chat,C101696,VR891381,VA-SW-FIT,Warranty & Repair,Normal,Escalations & Warranty,A3040,0.0,3.0,,,N,"PRODUCT: THE FIT BAAND
ORDER: VR891381
PURCHASED: DECEMBER 22
ISSUE: WARRANTY CLAIM PENDING FOR 15 DAYS
TRIED: EMALED TWICE
EXPECTED: FIX","1. RMA status query
2. Checked RMA status
3. Repair completed, shipped bck ~Geeta",helpdesk,2026-01-25 11:12:00,2026-01-25 11:17:00,2026-02-02 17:05:00,2026-01,0.08333333333333333,197.88333333333333,0.25,False,0.0,210.0,0.0,0.0,True,Warranty & RMA,Warranty & RMA,Rule match: RMA / Warranty service indicator,True
TK-250640,2026-02-24 21:56,2026-02-24 22:06,2026-02-24 22:36,resolved,voice,C106108,VR905776,VA-EB-PL2,Audio Quality,Normal,Voice Frontline,A3016,0.0,,,,N,[IVR transcript] hii crackling sound in the letf side hello??,re: crackling/distortion | checked fw -> replacement raised,helpdesk,2026-02-24 21:56:00,2026-02-24 22:06:00,2026-02-24 22:36:00,2026-02,0.16666666666666666,0.6666666666666666,2.0,False,0.0,520.0,0.0,0.0,True,Hardware & Technical,Hardware & Technical,Rule match: Hardware / Audio / Battery / Connection defect,True
TK-247142,2025-11-14 19:16,2025-11-14 19:28,2025-11-14 19:49,resolved,social,C105072,VR887633,VA-EB-PL2,Billing & Payments,High,Billing,A3035,0.0,,,,N,"Dear Sir/Madam,

I am writing with reference to my order of my Pulse 2 (VR887633) placed on 10/11. Payment was deducted but no order was created. I have tried logging out and in. I REQUEST YOU TO PROCESS A REFUND TO MY ORIGINAL PAYMENT METHOD.

REGARDS,
RAMESH RATHORE","1. Amount deducted without orer
2. Checked PG dashboard for txn
3. Auto-refund confirmed within 5-7 days",helpdesk,2025-11-14 19:16:00,2025-11-14 19:28:00,2025-11-14 19:49:00,2025-11,0.2,0.55,4.0,False,0.0,240.0,0.0,0.0,True,Delivery & Shipping,Other / Unclear,ML model prediction from opening text (prob: 0.46),False
TK-248285,2025-12-13 22:50,2025-12-13 22:54,2025-12-13 23:20,resolved,chat,C103103,VR908698,VA-EB-PL2,Charging & Battery,Normal,Chat Frontline,A3002,0.0,5.0,,,Y,case wont charge since a motnh ago. vr908698. how do i get thiis fixed?,Contact re charging case dead. Checked for lint in port. rplc unit dispatched. Cx satisfied on chat. -VG,helpdesk,2025-12-13 22:50:00,2025-12-13 22:54:00,2025-12-13 23:20:00,2025-12,0.06666666666666667,0.5,0.25,False,0.0,210.0,0.0,0.0,True,Delivery & Shipping,Hardware & Technical,ML model prediction from opening text (prob: 0.41),False
TK-251369,2026-03-20 22:11,2026-03-20 23:15,2026-03-20 23:44,resolved,email,C107904,VR889076,VA-EB-PL2,Other,Normal,Email Frontline,A3001,0.0,,,,N,"hello vireo, boought pulse 2 bds around 28-01-2026 from vireo.in. goes from full to empty durinng one commute. i fully charged and discharged twice. nothing changed. plesae advise. please revert,","cx: pooor battery backup | checked usage pattern with cx -> advised settings change, cx satisfied ~Abhishek",helpdesk,2026-03-20 22:11:00,2026-03-20 23:15:00,2026-03-20 23:44:00,2026-03,1.0666666666666667,1.55,8.0,False,0.0,260.0,0.0,0.0,True,Billing & Payments,Hardware & Technical,ML model prediction from opening text (prob: 0.70),False
TK-252545,2026-04-25 08:46,2026-04-25 10:18,,pending,social,C100158,,VA-SW-NX2,Billing & Payments,High,Billing,A3008,1.0,4.0,,,N,"hey
your ad said 20% off and the cart says full price
??",Contact re promo code invalid. Checked coupon validity. Transferred to Chat Frontline. Store credit issued. ~Ramesh,helpdesk,2026-04-25 08:46:00,2026-04-25 10:18:00,,2026-04,1.5333333333333334,,4.0,False,0.0,240.0,1.0,305.0,True,Billing & Payments,Billing & Payments,ML model prediction from opening text (prob: 0.57),True
TK-240971,2025-02-25 19:11,2025-02-25 19:36,2025-02-28 14:34,closed,email,C106522,,VA-NB-ARC,Delivery & Shipping,Normal,Logistics,A3030,,,,,N,"product: the neckband
order: vr901498
purchased: 14-02-2025
issue: i haven't received my order
tried: checked the tracking page daily
expected: refund",Cx reported order not delivered. chk AWB w/ crr. Re-shipped from warehouse. Cx informed. (SOP 4.2) ~Imran,legacy_fd,2025-02-25 19:11:00,2025-02-25 19:36:00,2025-02-28 14:34:00,2025-02,0.4166666666666667,67.38333333333334,8.0,False,0.0,260.0,0.0,0.0,True,Delivery & Shipping,Delivery & Shipping,Rule match: Delivery / Courier tracking / Non-receipt issue,True
TK-242794,2025-06-06 19:28,2025-06-06 19:36,2025-06-09 16:41,resolved,chat,C104637,VR899323,VA-SP-MINI,Warranty & Repair,Normal,Escalations & Warranty,A3042,,3.0,,,N,"helo
warranty claim pending for 21 days
orbit mini VR899323","cust contacted re rma status query. followed up with service centre. repair completed, shipped back.",legacy_fd,2025-06-06 19:28:00,2025-06-06 19:36:00,2025-06-09 16:41:00,2025-06,0.13333333333333333,69.21666666666667,0.25,False,0.0,210.0,0.0,0.0,True,Warranty & RMA,Warranty & RMA,Rule match: RMA / Warranty service indicator,True
TK-252551,2026-04-25 12:52,2026-04-25 13:42,2026-04-25 13:54,resolved,social,C106777,VR899698,VA-SW-FIT,Billing & Payments,Normal,Billing,A3033,0.0,,,,N,"the festive offer vanished when i clicked pay, vr899698",discount not applied | checked coupon validity -> partial rfnd of discount amount issued //HAR,helpdesk,2026-04-25 12:52:00,2026-04-25 13:42:00,2026-04-25 13:54:00,2026-04,0.8333333333333334,1.0333333333333334,4.0,False,0.0,240.0,0.0,0.0,True,Billing & Payments,Other / Unclear,ML model prediction from opening text (prob: 0.50),False
TK-246477,2025-10-28 22:44,2025-10-28 22:50,2025-10-28 23:13,resolved,chat,C109085,VR881334,VA-EB-PL2,App & Firmware,Low,Chat Frontline,A3016,0.0,,,,N,"Der Sir/Madam,

I am writing with reference to my order of Pulse 2 (VR881334) placed on 07/10.  After the update prompt it went dark and never came back. I have kept it in the case. I request you to kindly arrange a replacement.

Regards,
Priya Gill
Surat",issue: update hang | checked fw 3.1.5 rollout -> recovery successful ~Ritika,helpdesk,2025-10-28 22:44:00,2025-10-28 22:50:00,2025-10-28 23:13:00,2025-10,0.1,0.48333333333333334,0.25,False,0.0,210.0,0.0,0.0,True,Hardware & Technical,Hardware & Technical,ML model prediction from opening text (prob: 0.81),True
TK-247101,2025-11-13 18:58,2025-11-13 19:15,2025-11-13 19:54,resolved,voice,C100029,VR902364,VA-EB-PL2,Other,Normal,Voice Frontline,A3023,0.0,3.0,,,N,"hii
payment went through but i got no order id
the pulse 2 earbuds VR902364
??",failed order after payment | chk pg dashboard for txn -> order manually created,helpdesk,2025-11-13 18:58:00,2025-11-13 19:15:00,2025-11-13 19:54:00,2025-11,0.2833333333333333,0.9333333333333333,2.0,False,0.0,520.0,0.0,0.0,True,Other / Unclear,Billing & Payments,ML model prediction from opening text (prob: 0.55),False
TK-246130,2025-10-18 18:36,2025-10-18 18:58,2025-10-18 19:25,resolved,chat,C107311,VR884573,VA-SP-MINI,Returns & Refunds,Normal,Returns Desk,A3036,0.0,4.0,2499.0,RETURN-QC-OK,N,"Dear Sir/Madam,

I am writing w/ reference to my order of orbit mini (VR884573) placed on 27-06-2025. The app said pickup today, that was on 27-06-2025. I have called courier. I request you to look into this matter at the earliest.

Yours faithfully,
Arjun Bhatia
Visakhapatnam",cx: reverse pickup pending | checked pickup awb -> refund of rs 2499 initiated to source ~Pranav,helpdesk,2025-10-18 18:36:00,2025-10-18 18:58:00,2025-10-18 19:25:00,2025-10,0.36666666666666664,0.8166666666666667,0.25,True,350.0,210.0,0.0,0.0,True,Returns & Refunds,Returns & Refunds,Rule match: Return pickup / refund process,True
TK-251025,2026-03-09 11:56,2026-03-09 15:12,,open,email,C103030,,VA-EB-PL2,Product Enquiry,Normal,Email Frontline,A3018,0.0,3.0,,,N,"To the Vireo Customer Care Team,

I am writing with reference to my order of pulse 2 buds placed on 12 Mar. Does pulse 2 buds work with iPhone. I request you to process a refund to my original payment method.

Regards,
Sukhwinder Agarwal
Bhopal",contact re compatibility query. shared spec sheet. query answered. cx informed.,helpdesk,2026-03-09 11:56:00,2026-03-09 15:12:00,,2026-03,3.2666666666666666,,8.0,False,0.0,260.0,0.0,0.0,True,Product Enquiry,Product Enquiry,ML model prediction from opening text (prob: 0.84),True
TK-249747,2026-01-27 16:58,2026-01-27 17:14,2026-01-27 17:34,resolved,voice,C108160,VR905652,VA-SW-FIT,Charging & Battery,Normal,Voice Frontline,A3026,0.0,,,,N,Honestly regretting this purchase. Order VR905652 (my Nexa Fit band). goes from full to empty during one commute. I already updated the app. This is the lasst time I buy from you.,"1. Battery draining fast
2. chk usage pattern with cx
3. FW update pushed, adv to monitor -NP",helpdesk,2026-01-27 16:58:00,2026-01-27 17:14:00,2026-01-27 17:34:00,2026-01,0.26666666666666666,0.6,2.0,False,0.0,520.0,0.0,0.0,True,Hardware & Technical,Hardware & Technical,ML model prediction from opening text (prob: 0.84),True
TK-246907,2025-11-08 22:08,2025-11-09 02:07,2025-11-11 02:27,closed,email,C101441,,VA-SW-NX1,Billing & Payments,High,Billing,A3032,0.0,,675.0,RETURN-QC-OK,N,"hello ji
still waiting for my refund
please jaldi
neexa watch
kindly do the needful",rfnd not credited | checked reverse pickup qc status -> refunded rs 675 [closed],helpdesk,2025-11-08 22:08:00,2025-11-09 02:07:00,2025-11-11 02:27:00,2025-11,3.9833333333333334,52.31666666666667,8.0,False,0.0,260.0,0.0,0.0,True,Returns & Refunds,Returns & Refunds,ML model prediction from opening text (prob: 0.55),True
TK-253289,2026-05-18 11:26,2026-05-18 12:33,2026-05-18 12:51,resolved,voice,C105189,VR888490,VA-SW-NX1,App & Firmware,Normal,Voice Frontline,A3025,0.0,3.0,,,N,[IVR transcript] it's showing a spinning circle for hours,Update completed after retry. Issue: FW update stuck. Asked cx to keep in case 30 min.,helpdesk,2026-05-18 11:26:00,2026-05-18 12:33:00,2026-05-18 12:51:00,2026-05,1.1166666666666667,1.4166666666666667,2.0,False,0.0,520.0,0.0,0.0,True,Hardware & Technical,Hardware & Technical,ML model prediction from opening text (prob: 0.73),True
TK-247530,2025-11-24 15:10,2025-11-24 18:15,2025-11-26 18:28,closed,email,C103818,VR908974,VA-HP-ST2,Other,Normal,Email Frontline,A3018,0.0,,,,N,"hllo
teh courier marked it delivered but nobody in my house got anything
pls reply","cx reported shipment not received. confirmed address with cx. rto confirmed, reshipped. case closed with cx consent.",helpdesk,2025-11-24 15:10:00,2025-11-24 18:15:00,2025-11-26 18:28:00,2025-11,3.0833333333333335,51.3,8.0,False,0.0,260.0,0.0,0.0,True,Delivery & Shipping,Delivery & Shipping,Rule match: Delivery / Courier tracking / Non-receipt issue,True
TK-241463,2025-03-25 19:43,2025-03-25 21:38,2025-03-25 16:27,resolved,email,C109166,,VA-EB-PL1,App & Firmware,Normal,Email Frontline,A3018,,4.0,,,N,"Hi Vireo support, Got pulse 1 from vireo.in around Diwali. Since the last update the app just shows a white screen. I updated phone. Please advise. Please revert","contact re app crashing. asked for phone model + os. bug logged, workaround shared. cx informed.",legacy_fd,2025-03-25 19:43:00,2025-03-25 21:38:00,2025-03-25 16:27:00,2025-03,1.9166666666666667,-3.2666666666666666,8.0,False,0.0,260.0,0.0,0.0,True,Hardware & Technical,Hardware & Technical,ML model prediction from opening text (prob: 0.89),True
TK-245976,2025-10-14 12:47,2025-10-14 16:59,2025-10-14 17:25,resolved,email,C102417,VR905747,VA-EB-PL2,Connectivity,Normal,Email Frontline,A3018,0.0,4.0,,,N,"pairing is not working
please call me on my registered number","contact re unable to pair with phone. asked cx to reset the device. resset done, paired ok. cx satisfied on chat.",helpdesk,2025-10-14 12:47:00,2025-10-14 16:59:00,2025-10-14 17:25:00,2025-10,4.2,4.633333333333334,8.0,False,0.0,260.0,0.0,0.0,True,Hardware & Technical,Hardware & Technical,Rule match: Hardware / Audio / Battery / Connection defect,True
TK-244891,2025-09-07 19:34,2025-09-07 19:59,2025-09-12 14:49,resolved,social,C108735,,VA-HP-ST2,Delivery & Shipping,Low,Logistics,A3030,,,,,N,"order not delivered, tracking not updating. please advise",cx reached out - delivery delayed. Checked AWB w/ courier. Re-shipped from warehouse. Cx informed. (SOP 2.7) ~Imran,legacy_fd,2025-09-07 19:34:00,2025-09-07 19:59:00,2025-09-12 14:49:00,2025-09,0.4166666666666667,115.25,4.0,False,0.0,240.0,0.0,0.0,True,Delivery & Shipping,Delivery & Shipping,Rule match: Delivery / Courier tracking / Non-receipt issue,True
TK-246703,2025-11-04 10:08,2025-11-04 10:58,2025-11-06 11:26,resolved,social,C104561,,VA-EB-PL2,Billing & Payments,Normal,Billing,A3035,0.0,2.0,,,Y,"payment page said success. my doorstep says otherwise
can someone fix this?",Contact re delivery delayed. Checked AWB with courier. Replacemnet unit dispatched. Case closed with cx consent. (SOP 4.2),helpdesk,2025-11-04 10:08:00,2025-11-04 10:58:00,2025-11-06 11:26:00,2025-11,0.8333333333333334,49.3,4.0,False,0.0,240.0,0.0,0.0,True,Delivery & Shipping,Delivery & Shipping,ML model prediction from opening text (prob: 0.59),True
TK-245918,2025-10-12 15:10,2025-10-12 15:37,2025-10-12 16:15,resolved,voice,C102275,VR891896,VA-HP-ST2,App & Firmware,Normal,Voice Frontline,A3026,0.0,4.0,,,N,"[IVR transcript] Very poor quality.  Order VR891896 (Strata 2). the progress bar has not moved since morning. I already kept it in the case. I want a replacement or refund, nothing else.","1. Firmware update failed
2. Checked FW 1.6.4 rololut
3. Update completed after retry -NP",helpdesk,2025-10-12 15:10:00,2025-10-12 15:37:00,2025-10-12 16:15:00,2025-10,0.45,1.0833333333333333,2.0,False,0.0,520.0,0.0,0.0,True,Hardware & Technical,Hardware & Technical,ML model prediction from opening text (prob: 0.80),True
TK-251093,2026-03-11 22:29,2026-03-12 01:57,2026-03-14 02:14,resolved,email,C107448,VR908816,VA-EB-PL2,Returns & Refunds,Normal,Returns Desk,A3038,0.0,,350.0,RETURN-QC-OK,N,"product: the pulse 2 earbuds
order: vr908816
purchased: september 30
issue: still waiting for my refund
tried: checked bank
expected: resolution","1. Refund pending
2. Checked reverse pickup QC status
3. ARN shared w/ cx",helpdesk,2026-03-11 22:29:00,2026-03-12 01:57:00,2026-03-14 02:14:00,2026-03,3.466666666666667,51.75,8.0,False,0.0,260.0,0.0,0.0,True,Returns & Refunds,Returns & Refunds,ML model prediction from opening text (prob: 0.68),True
TK-241177,2025-03-10 09:56,2025-03-10 10:00,2025-03-10 04:39,resolved,chat,C102885,,VA-SW-NX2,Billing & Payments,High,Billing,A3033,,,,,N,"I am losing patience. This is rearding the Nexxa 2. cancel order. I alreay trried cancel button, greyed out. This is the last time I buy frrom you.","cx: ord cancellation | chk shipment status -> already shipped, adv rto/return //HAR",legacy_fd,2025-03-10 09:56:00,2025-03-10 10:00:00,2025-03-10 04:39:00,2025-03,0.06666666666666667,-5.283333333333333,0.25,False,0.0,210.0,0.0,0.0,True,Delivery & Shipping,Delivery & Shipping,ML model prediction from opening text (prob: 0.47),True
TK-248144,2025-12-10 10:04,2025-12-10 10:04,2025-12-11 10:26,resolved,chat,C104079,VR906468,VA-EB-PL2,Other,Low,Chat Frontline,A3005,0.0,,,,N,"This is regarding Pusle 2.  Paid on 29 Nov, still waiting for something to show up.
I called the courier.
Please advise.
Thank you Saanvi Agarwal","Reported: dlvry delayed. Checked AWB w/ crr. RTO conf, reshipped. Cx informed.",helpdesk,2025-12-10 10:04:00,2025-12-10 10:04:00,2025-12-11 10:26:00,2025-12,0.0,24.366666666666667,0.25,False,0.0,210.0,0.0,0.0,True,Delivery & Shipping,Delivery & Shipping,Rule match: Delivery / Courier tracking / Non-receipt issue,True
TK-241188,2025-03-10 12:53,2025-03-10 12:56,2025-03-13 07:45,resolved,chat,C101058,VR883904,VA-SP-ORB,Returns & Refunds,Normal,Returns Desk,A3038,,,,,Y,This is v disappointing. This is regarding the Obrit smart speaker. return pickup has not happened. I alreeady called courier. Escalate this to someone senior.,"Contact re pickup not done. Re-raised pickup with crr. rplc approved, reverse pickup arranged. Case closed with cx consent.",legacy_fd,2025-03-10 12:53:00,2025-03-10 12:56:00,2025-03-13 07:45:00,2025-03,0.05,66.86666666666666,0.25,False,0.0,210.0,0.0,0.0,True,Returns & Refunds,Returns & Refunds,Rule match: Return pickup / refund process,True
TK-253182,2026-05-14 20:46,2026-05-14 23:44,2026-05-16 02:31,resolved,email,C108909,VR901055,VA-EB-PL2,Warranty & Repair,Low,Escalations & Warranty,A3039,0.0,4.0,,,N,"hey
no sound from the right earbud
pls reply",-,helpdesk,2026-05-14 20:46:00,2026-05-14 23:44:00,2026-05-16 02:31:00,2026-05,2.966666666666667,29.75,8.0,False,0.0,260.0,0.0,0.0,True,Warranty & RMA,Hardware & Technical,ML model prediction from opening text (prob: 0.68),False
TK-250378,2026-02-16 18:53,2026-02-16 19:24,2026-02-19 19:21,resolved,chat,C105445,,VA-HP-ST2,Billing & Payments,High,Billing,A3029,1.0,,,,N,"Dear team, I bought Strata 2 on 03/02.  Order not delivered, tracking not updating. I called the courier. Nothing changed. Please resolve asap.","payment confirmed on PG, this is a delivery delay. xfer logistics. delivery delayed | checked awb with courier -> re-shipped from warehouse | xfer logistics",helpdesk,2026-02-16 18:53:00,2026-02-16 19:24:00,2026-02-19 19:21:00,2026-02,0.5166666666666667,72.46666666666667,0.25,True,350.0,210.0,1.0,305.0,True,Delivery & Shipping,Delivery & Shipping,Rule match: Delivery / Courier tracking / Non-receipt issue,True
TK-242458,2025-05-19 12:24,2025-05-19 12:27,2025-05-19 07:10,resolved,chat,C103608,,VA-EB-AIR,Delivery & Shipping,High,Logistics,A3028,,,,,Y,"the parcel looked like it was kicked here from the warehouse, and the unit has a crack","cx reached out - transit damage. photos received, damage conf. rplc raised, rma shared w/ cx.",legacy_fd,2025-05-19 12:24:00,2025-05-19 12:27:00,2025-05-19 07:10:00,2025-05,0.05,-5.233333333333333,0.25,False,0.0,210.0,0.0,0.0,True,Warranty & RMA,Delivery & Shipping,ML model prediction from opening text (prob: 0.32),False
TK-240204,2025-01-03 19:00,2025-01-03 19:16,2025-01-03 14:26,closed,voice,C103616,VR894970,VA-SP-ORB,Billing & Payments,Normal,Billing,A3035,,,,,N,[IVR transcript] hi card chargeed two times my orbit VR894970,Cusstomer states duplicate payment. Confirmed UTRs. Refund processed. Closing.,legacy_fd,2025-01-03 19:00:00,2025-01-03 19:16:00,2025-01-03 14:26:00,2025-01,0.26666666666666666,-4.566666666666666,2.0,False,0.0,520.0,0.0,0.0,True,Hardware & Technical,Billing & Payments,ML model prediction from opening text (prob: 0.30),False
TK-248833,2025-12-31 11:31,2025-12-31 11:36,2025-12-31 11:59,resolved,chat,C102453,VR908624,VA-HP-ST3,Returns & Refunds,Normal,Returns Desk,A3037,0.0,3.0,6999.0,RETURN-QC-OK,N,"hi there, strata 3 purchased around diwali, order vr908624. where is the money for the return. i emailed twice. i have been a loyal customer and this is how you treat me. i want a replacement. please revert",Ticket raised for refund delay. Checked reverse piickup QC status. Full refund processed (6999).,helpdesk,2025-12-31 11:31:00,2025-12-31 11:36:00,2025-12-31 11:59:00,2025-12,0.08333333333333333,0.4666666666666667,0.25,False,0.0,210.0,0.0,0.0,True,Returns & Refunds,Returns & Refunds,ML model prediction from opening text (prob: 0.72),True
TK-240922,2025-02-23 14:47,2025-02-23 15:04,2025-02-23 09:54,resolved,social,C103859,VR888740,VA-SW-NX1,Other,Normal,Chat Frontline,A3011,,,,,N,I bought my Nexa on 23-02-2025.  Before I buy - will this talk to a 2019 Samsung. Honestly regretting this purchase. Kindly look into it. Please revert,compatibility query | shared spec sheet -> cx satisfied -SM,legacy_fd,2025-02-23 14:47:00,2025-02-23 15:04:00,2025-02-23 09:54:00,2025-02,0.2833333333333333,-4.883333333333334,4.0,False,0.0,240.0,0.0,0.0,True,Product Enquiry,Product Enquiry,ML model prediction from opening text (prob: 0.87),True
TK-249168,2026-01-10 11:46,2026-01-10 11:49,2026-01-11 12:17,resolved,chat,C107990,,VA-EB-AIR,Returns & Refunds,Normal,Returns Desk,A3038,0.0,5.0,,,N,"Product: AirLite
Order: VR893292
Purchased: 25/12
Issue: the return was accepted but the amount is nowhere in my account
Tried: emailed twice
Expected: callback","1. rfnd pending
2. Checked reverse pickup QC status
3. rfnd confirmed credited [closed]",helpdesk,2026-01-10 11:46:00,2026-01-10 11:49:00,2026-01-11 12:17:00,2026-01,0.05,24.516666666666666,0.25,False,0.0,210.0,0.0,0.0,True,Returns & Refunds,Returns & Refunds,ML model prediction from opening text (prob: 0.71),True
TK-253870,2026-06-05 13:27,2026-06-05 14:24,2026-06-05 14:41,resolved,voice,C107750,VR882817,VA-EB-PL2,App & Firmware,Normal,Voice Frontline,A3024,0.0,5.0,,,N,"fiirmware udpate is stuck at 67%, VR882817",update hang | walked through recovery mode -> update completed after retry,helpdesk,2026-06-05 13:27:00,2026-06-05 14:24:00,2026-06-05 14:41:00,2026-06,0.95,1.2333333333333334,2.0,False,0.0,520.0,0.0,0.0,True,Hardware & Technical,Warranty & RMA,ML model prediction from opening text (prob: 0.27),False
TK-249366,2026-01-16 21:52,2026-01-17 02:05,2026-01-17 02:45,resolved,email,C105181,,VA-EB-PL1,Audio Quality,Normal,Email Frontline,A3001,0.0,,,,Y,"i hear music in one ear only, other is mute
i want a replacement","re: single side audio only | asked cx to check bud in case -> replacement approved, reverse pickup arrangde",helpdesk,2026-01-16 21:52:00,2026-01-17 02:05:00,2026-01-17 02:45:00,2026-01,4.216666666666667,4.883333333333334,8.0,False,0.0,260.0,0.0,0.0,True,Returns & Refunds,Hardware & Technical,ML model prediction from opening text (prob: 0.51),False
TK-253551,2026-05-27 00:50,2026-05-27 00:51,2026-05-29 01:17,resolved,chat,C100547,,VA-SW-NX2,Delivery & Shipping,Normal,Logistics,A3031,2.0,,975.0,LOST-TRANSIT,N,pathetic experience honestly. boughht nexa 2 around 14/05 from flipkart. the courier marked it deliivered but nobody in my house got anything. i already called the courier. escalate tis to someone senior.,Refunded Rs 975. Issue: shipment not received. Checked AWB w/ courier. [closed],helpdesk,2026-05-27 00:50:00,2026-05-27 00:51:00,2026-05-29 01:17:00,2026-05,0.016666666666666666,48.45,0.25,False,0.0,210.0,2.0,610.0,True,Delivery & Shipping,Delivery & Shipping,Rule match: Delivery / Courier tracking / Non-receipt issue,True
TK-246613,2025-11-01 17:26,2025-11-01 17:47,2025-11-02 18:04,resolved,voice,C107853,VR896232,VA-AC-CASE,Returns & Refunds,Low,Returns Desk,A3036,0.0,3.0,,,N,pickup scheduled but no one showed up.  i want my money back,Ticket raised for pickup not done. Checked pickup AWB. Pickup rescheduled for 04 Nov. ~Pranav,helpdesk,2025-11-01 17:26:00,2025-11-01 17:47:00,2025-11-02 18:04:00,2025-11,0.35,24.633333333333333,2.0,False,0.0,520.0,0.0,0.0,True,Delivery & Shipping,Returns & Refunds,Rule match: Return pickup / refund process,False
TK-251302,2026-03-19 06:45,2026-03-19 06:46,2026-03-19 07:23,resolved,chat,C106456,VR897820,VA-EB-PL1,Billing & Payments,Normal,Billing,A3033,0.0,4.0,,,N,"payment was deducted but no order was created, waiting for ur reply","cx: payment debited, no order | asked for utr -> auto-refund conf within 5-7 days",helpdesk,2026-03-19 06:45:00,2026-03-19 06:46:00,2026-03-19 07:23:00,2026-03,0.016666666666666666,0.6333333333333333,0.25,False,0.0,210.0,0.0,0.0,True,Delivery & Shipping,Billing & Payments,ML model prediction from opening text (prob: 0.58),False
TK-246707,2025-11-04 11:26,2025-11-04 12:27,2025-11-07 12:42,resolved,voice,C105559,VR882583,VA-SW-FIT,Delivery & Shipping,Normal,Logistics,A3027,0.0,4.0,,,N,"hey
i haven't received my order
urgent","1. dlvry delayed
2. conf address w/ cx
3. Re-shipped from warehouse",helpdesk,2025-11-04 11:26:00,2025-11-04 12:27:00,2025-11-07 12:42:00,2025-11,1.0166666666666666,73.26666666666667,2.0,False,0.0,520.0,0.0,0.0,True,Delivery & Shipping,Delivery & Shipping,ML model prediction from opening text (prob: 0.78),True
TK-242481,2025-05-20 11:54,2025-05-20 13:16,2025-05-20 07:54,resolved,email,C101426,VR901543,VA-HP-ST2,Product Enquiry,Normal,Email Frontline,A3022,,5.0,,,N,"dooes Strata 2 work with iPhone, i want a replacement",cx: pre-sales query | shared compatibility info -> query answered,legacy_fd,2025-05-20 11:54:00,2025-05-20 13:16:00,2025-05-20 07:54:00,2025-05,1.3666666666666667,-4.0,8.0,False,0.0,260.0,0.0,0.0,True,Product Enquiry,Product Enquiry,ML model prediction from opening text (prob: 0.92),True
TK-252591,2026-04-26 12:31,2026-04-26 12:40,2026-04-27 13:00,resolved,chat,C107275,,VA-SW-FIT,Delivery & Shipping,Normal,Logistics,A3031,0.0,3.0,,,N,I haven't receeived my order,Refund initiated as lost in transit. Issue: shipment not received. conf address w/ cx. (SOP 3.1),helpdesk,2026-04-26 12:31:00,2026-04-26 12:40:00,2026-04-27 13:00:00,2026-04,0.15,24.483333333333334,0.25,False,0.0,210.0,0.0,0.0,True,Delivery & Shipping,Delivery & Shipping,ML model prediction from opening text (prob: 0.93),True
TK-252510,2026-04-24 13:02,2026-04-24 13:08,2026-04-24 13:33,resolved,chat,C106693,,VA-EB-PL2,Billing & Payments,High,Billing,A3033,0.0,,,,N,"Namaste,
Bouhgt my Pulse 2 around April 10 from vireo.in. Coupon code not working.
I tried on app and website. Nothing changed.
How do I get this fixed?
Please revert Vihaan","advised coupon terms, resolved //HAR",helpdesk,2026-04-24 13:02:00,2026-04-24 13:08:00,2026-04-24 13:33:00,2026-04,0.1,0.5166666666666667,0.25,False,0.0,210.0,0.0,0.0,True,Billing & Payments,Billing & Payments,Rule match: Payment gateway / Double charge / Invoice query,True
TK-242943,2025-06-15 09:12,2025-06-15 15:27,2025-06-15 10:28,resolved,email,C103224,,VA-SP-MINI,App & Firmware,Normal,Email Frontline,A3018,,,,,Y,"Product: orbit mini
Order: VR886024
Purchased: 12 May
Issue: the Vireo app keeps crashing
Tried: updated phone
Expected: fix",new unit shipped under doa,legacy_fd,2025-06-15 09:12:00,2025-06-15 15:27:00,2025-06-15 10:28:00,2025-06,6.25,1.2666666666666666,8.0,False,0.0,260.0,0.0,0.0,True,Delivery & Shipping,Hardware & Technical,ML model prediction from opening text (prob: 0.87),False
TK-248546,2025-12-21 18:47,2025-12-21 19:03,2025-12-21 19:17,resolved,chat,C108411,VR899410,VA-AC-CASE,Returns & Refunds,Normal,Returns Desk,A3036,0.0,,1299.0,RETURN-QC-OK,N,PICKUP SCHEDULED BUT NO ONE SHOWED UP,-,helpdesk,2025-12-21 18:47:00,2025-12-21 19:03:00,2025-12-21 19:17:00,2025-12,0.26666666666666666,0.5,0.25,True,350.0,210.0,0.0,0.0,True,Returns & Refunds,Returns & Refunds,Rule match: Return pickup / refund process,True
TK-252639,2026-04-27 13:58,2026-04-27 13:59,2026-04-27 14:09,resolved,chat,C106113,VR894939,VA-EB-PL2,Other,High,Chat Frontline,A3008,0.0,4.0,3324.0,CANCEL,N,"pls cancel, ordered by mistake
VR894939
can someone fix this?",Customer reached out - cancellation request. Cancelled before dispatch. Refunded Rs 3324. ~Ramesh,helpdesk,2026-04-27 13:58:00,2026-04-27 13:59:00,2026-04-27 14:09:00,2026-04,0.016666666666666666,0.18333333333333332,0.25,False,0.0,210.0,0.0,0.0,True,Delivery & Shipping,Delivery & Shipping,ML model prediction from opening text (prob: 0.66),True
TK-240092,2024-10-21 11:50,2024-10-21 13:16,2024-10-22 07:15,resolved,chat,C108430,VR903294,VA-SP-ORB,Billing & Payments,High,Billing,A3030,,1.0,,,N,"Not what I expected from Vireo. I bought Orbit speaker on 16/10. I haven't received my order, payment was done on 16 Oct. I already called teh courier. Fix this or I am posting on twitter","1. Shipment not rcvd
2. Raised ticket with courier partner
3. Transferred to Logistics
4. Re-shipped from warehouse ~Imran",legacy_fd,2024-10-21 11:50:00,2024-10-21 13:16:00,2024-10-22 07:15:00,2024-10,1.4333333333333333,19.416666666666668,0.25,True,350.0,210.0,0.0,0.0,False,Delivery & Shipping,Delivery & Shipping,Rule match: Delivery / Courier tracking / Non-receipt issue,True
TK-254033,2026-06-10 19:03,2026-06-10 21:24,2026-06-10 21:59,resolved,email,C108140,,VA-EB-PL2,Connectivity,Normal,Email Frontline,A3018,0.0,5.0,,,N,"product: pulse2
order: vr887269
purchased: 17 feb
issue: people cannot hear me on calls
tried: tried different apps
expected: callback","ticket raised for mic issue. chk mic permissions on phone. permissions fixed, rslvd. closing.",helpdesk,2026-06-10 19:03:00,2026-06-10 21:24:00,2026-06-10 21:59:00,2026-06,2.35,2.933333333333333,8.0,False,0.0,260.0,0.0,0.0,True,Hardware & Technical,Hardware & Technical,ML model prediction from opening text (prob: 0.54),True
TK-243552,2025-07-19 20:59,2025-07-19 21:01,2025-07-19 15:52,resolved,chat,C100554,VR895288,VA-SW-NX2,Billing & Payments,Normal,Billing,A3035,,,6499.0,DUP-PAYMENT,N,"Hi team,
I bought my Nexa 2 watch on 10 Jul.  I was charged twice for one order.
I checked with bank. Nothing changed.
Not what I expected from Vireo.
Please advise.
Awaiting response Megha",Ticket raised for double charge. Confirmed UTRs. Refunded Rs 6499. Cx informed.,legacy_fd,2025-07-19 20:59:00,2025-07-19 21:01:00,2025-07-19 15:52:00,2025-07,0.03333333333333333,-5.116666666666666,0.25,False,0.0,210.0,0.0,0.0,True,Billing & Payments,Billing & Payments,Rule match: Payment gateway / Double charge / Invoice query,True
TK-244439,2025-08-23 13:48,2025-08-23 13:52,2025-08-23 08:54,resolved,chat,C103982,VR896372,VA-AC-CBL,Billing & Payments,High,Billing,A3032,,,,,N,"order not delivered, tracking not updatiing
please resolve asap",issue: ord not delivered | chk awb w/ crr -> refund initiated as lost in transit [closed],legacy_fd,2025-08-23 13:48:00,2025-08-23 13:52:00,2025-08-23 08:54:00,2025-08,0.06666666666666667,-4.9,0.25,False,0.0,210.0,0.0,0.0,True,Delivery & Shipping,Delivery & Shipping,Rule match: Delivery / Courier tracking / Non-receipt issue,True
TK-246291,2025-10-23 11:51,2025-10-23 14:44,2025-10-24 14:57,resolved,email,C105207,VR884610,VA-HP-ST2,Returns & Refunds,Normal,Returns Desk,A3036,0.0,,,,N,I have been sitting at home for 3 days waiting for yoour courier - VR884610,pickup not done | re-raised pickup with courier -> refund processed without pickup as goodwill ~Pranav,helpdesk,2025-10-23 11:51:00,2025-10-23 14:44:00,2025-10-24 14:57:00,2025-10,2.8833333333333333,27.1,8.0,False,0.0,260.0,0.0,0.0,True,Delivery & Shipping,Delivery & Shipping,Rule match: Delivery / Courier tracking / Non-receipt issue,True
TK-254501,2026-06-24 16:56,2026-06-24 22:13,2026-06-27 22:28,resolved,email,C103677,VR909137,VA-EB-AIR,Delivery & Shipping,Normal,Logistics,A3028,0.0,,,,Y,"Product: airlite earbuds
Order: VR909137
Purchased: June 22
Issue: received the wrong item
Tried: rechecked my order
Expected: callback","cx reached out - wrong variant received. raised w/ warehouse. rplc approved, reverse pkp arranged.",helpdesk,2026-06-24 16:56:00,2026-06-24 22:13:00,2026-06-27 22:28:00,2026-06,5.283333333333333,77.53333333333333,8.0,False,0.0,260.0,0.0,0.0,True,Returns & Refunds,Delivery & Shipping,ML model prediction from opening text (prob: 0.43),False
TK-253698,2026-05-31 16:32,2026-05-31 16:58,2026-06-01 17:20,resolved,chat,C100765,,VA-SW-NX2,Billing & Payments,Normal,Billing,A3029,2.0,1.0,,,N,"Product: Nexa 2
Purchased: 18 May
Issue: Rs debited on 18 May, still empty handed
Tried: checked with neighbours
Expected: callback","cx: shipment not received | checked awb with courier -> courier confirmed delivery for 05 jun, cx informed | xfer logistics",helpdesk,2026-05-31 16:32:00,2026-05-31 16:58:00,2026-06-01 17:20:00,2026-05,0.43333333333333335,24.8,0.25,True,350.0,210.0,2.0,610.0,True,Delivery & Shipping,Delivery & Shipping,ML model prediction from opening text (prob: 0.75),True
TK-247831,2025-12-02 18:17,2025-12-02 19:51,2025-12-02 20:25,resolved,email,C103224,,VA-EB-PL1,Connectivity,Normal,Email Frontline,A3018,0.0,5.0,,,N,"Product: pulse 1
Purchased: 02 Oct
Issue: my phone just doesn't see it in the list anymore
Tried: restarted the phone
Expected: resolution","cust contacted re device not discoverable. asked cx to reset the device. re-pair successful, resolved on chat. case closed with cx consent.",helpdesk,2025-12-02 18:17:00,2025-12-02 19:51:00,2025-12-02 20:25:00,2025-12,1.5666666666666667,2.1333333333333333,8.0,False,0.0,260.0,0.0,0.0,True,Hardware & Technical,Hardware & Technical,ML model prediction from opening text (prob: 0.80),True
TK-244447,2025-08-23 20:15,2025-08-23 20:23,2025-08-23 15:07,resolved,chat,C105135,VR903498,VA-HP-ST2,Other,Normal,Chat Frontline,A3011,,3.0,4499.0,CANCEL,N,"Product: my Strata 2 headphones
Order: VR903498
Purchased: 15 Aug
Issue: change of mind, pls stop the shipment
Tried: treid cancel button, greyed out
Expected: replacement",cancel order | checked shipment status -> refunded rs 4499 -SM,legacy_fd,2025-08-23 20:15:00,2025-08-23 20:23:00,2025-08-23 15:07:00,2025-08,0.13333333333333333,-5.133333333333334,0.25,False,0.0,210.0,0.0,0.0,True,Delivery & Shipping,Delivery & Shipping,Rule match: Delivery / Courier tracking / Non-receipt issue,True
TK-249914,2026-02-02 11:18,2026-02-02 12:13,2026-02-02 12:33,resolved,email,C101421,,VA-SW-FIT,Product Enquiry,Normal,Email Frontline,A3022,0.0,3.0,,,N,"Hi there, This is regarding my Nexa Fit band. My dad has an old Nokia, will the wattch app run. What do I do now?",pre-sales query | shared spec sheet -> cx satisfied,helpdesk,2026-02-02 11:18:00,2026-02-02 12:13:00,2026-02-02 12:33:00,2026-02,0.9166666666666666,1.25,8.0,False,0.0,260.0,0.0,0.0,True,Product Enquiry,Product Enquiry,ML model prediction from opening text (prob: 0.95),True
TK-241313,2025-03-17 13:53,2025-03-17 14:00,2025-03-20 08:48,resolved,chat,C100656,,VA-SW-FIT,Returns & Refunds,Normal,Returns Desk,A3036,,,,,N,"not what i expected from vireo.  ordered the fit band around diwali. refund was promised 4 days ago and nothing. i already checked bank. i want a replacement or refund, nothing else.",re: refund not credited | checked reverse pickup qc status -> refund confirmed credited,legacy_fd,2025-03-17 13:53:00,2025-03-17 14:00:00,2025-03-20 08:48:00,2025-03,0.11666666666666667,66.91666666666667,0.25,False,0.0,210.0,0.0,0.0,True,Returns & Refunds,Returns & Refunds,ML model prediction from opening text (prob: 0.83),True
TK-248541,2025-12-21 16:30,2025-12-21 16:36,2025-12-21 16:59,resolved,chat,C104439,VR900139,VA-AC-CBL,Other,Low,Chat Frontline,A3010,0.0,3.0,,,N,"really frustrating.  oder vr900139 (braided cable). order status stuck on sihpped since 08-12-2025. i already checked the tracking page daily. i want a replacement or refund, nothing else","Cust contacted re ord not delivered. chk AWB w/ crr. crr conf dlvry for 24 Dec, cx informed.",helpdesk,2025-12-21 16:30:00,2025-12-21 16:36:00,2025-12-21 16:59:00,2025-12,0.1,0.48333333333333334,0.25,False,0.0,210.0,0.0,0.0,True,Delivery & Shipping,Delivery & Shipping,Rule match: Delivery / Courier tracking / Non-receipt issue,True
TK-241615,2025-04-01 11:48,2025-04-01 11:53,,pending,chat,C106439,VR902792,VA-HP-ST2,Product Enquiry,Normal,Chat Frontline,A3020,,,,,N,"Product: my Strata 2 headphones
Order: VR902792
Purchased: 06-04-2025
Issue: does my Strata 2 headphones work with iPhone
Expected: resolution",cx reaced out - compatibility query. Shared spec sheet. xfer to Email Frontline. Cx satisfied.,legacy_fd,2025-04-01 11:48:00,2025-04-01 11:53:00,,2025-04,0.08333333333333333,,0.25,False,0.0,210.0,0.0,0.0,True,Product Enquiry,Product Enquiry,ML model prediction from opening text (prob: 0.91),True
TK-250702,2026-02-26 20:22,2026-02-26 21:19,2026-02-26 21:38,resolved,email,C102893,VR881538,VA-HP-ST2,Audio Quality,Normal,Email Frontline,A3018,0.0,,,,N,"Product: Straa 2
Order: VR881538
Purchased: 26-12-2025
Issue: people cannot hear me on calls
Tried: checked mic permissions
Expected: callback","reported: mic not working on calls. chk mic permissions on phone. permissions fixed, resolved. case closed with cx consent.",helpdesk,2026-02-26 20:22:00,2026-02-26 21:19:00,2026-02-26 21:38:00,2026-02,0.95,1.2666666666666666,8.0,False,0.0,260.0,0.0,0.0,True,Hardware & Technical,Hardware & Technical,ML model prediction from opening text (prob: 0.40),True
TK-252119,2026-04-12 14:10,2026-04-12 16:15,2026-04-12 16:22,resolved,email,C105912,VR900585,VA-EB-PL2,Product Enquiry,Normal,Email Frontline,A3018,0.0,5.0,,,N,"Dear Sir/Madam,

I am writing with reference to my order of the Pulse 2 earbuds (VR900585) placed on March 26. Is the Pulse 2 earbuds compatible with my TV. I request u to provide a resolution within 3 working days.

Sincerely,
Isha Menon",cx says compatibility query. shared spec sheet. query answered. follow-up not required.,helpdesk,2026-04-12 14:10:00,2026-04-12 16:15:00,2026-04-12 16:22:00,2026-04,2.0833333333333335,2.2,8.0,False,0.0,260.0,0.0,0.0,True,Product Enquiry,Product Enquiry,ML model prediction from opening text (prob: 0.85),True
TK-241284,2025-03-15 16:52,2025-03-15 17:50,2025-03-16 11:47,resolved,chat,C103137,VR880651,VA-SP-ORB,Billing & Payments,Normal,Billing,A3030,,,,,N,"hey
paid via upi on 05/03. 15 days. nothing.
orbit speaker VR880651",closed ~Imran,legacy_fd,2025-03-15 16:52:00,2025-03-15 17:50:00,2025-03-16 11:47:00,2025-03,0.9666666666666667,18.916666666666668,0.25,True,350.0,210.0,0.0,0.0,True,Delivery & Shipping,Other / Unclear,ML model prediction from opening text (prob: 0.40),False
TK-242431,2025-05-17 19:41,2025-05-17 20:55,2025-05-17 15:52,resolved,email,C103871,VR884906,VA-EB-PL1,Connectivity,High,Email Frontline,A3018,,,,,N,"hello
cannot pair teh pulse buds w/ my laptop
??","contact re device not discoverable. walked through forget + re-pair. reset done, paired ok. follow-up not required.",legacy_fd,2025-05-17 19:41:00,2025-05-17 20:55:00,2025-05-17 15:52:00,2025-05,1.2333333333333334,-3.816666666666667,8.0,False,0.0,260.0,0.0,0.0,True,Hardware & Technical,Hardware & Technical,ML model prediction from opening text (prob: 0.62),True
TK-245659,2025-10-04 12:26,2025-10-04 12:45,2025-10-05 13:00,resolved,chat,C101011,VR887805,VA-SP-MINI,Billing & Payments,Normal,Billing,A3030,1.0,1.0,,,N,"Hello, orbit mini purchased a month ago, order VR887805.  I haven't recceived my order, payment was done on 28 Sep. Please help. Please revert","1. Order not delivered
2. Checked AWB with crr
3. xfer to Logistics
4. Refund initiated as lost in transit (SOP 3.1) ~Imran",helpdesk,2025-10-04 12:26:00,2025-10-04 12:45:00,2025-10-05 13:00:00,2025-10,0.31666666666666665,24.566666666666666,0.25,True,350.0,210.0,1.0,305.0,True,Delivery & Shipping,Delivery & Shipping,ML model prediction from opening text (prob: 0.50),True
TK-246857,2025-11-08 02:44,2025-11-08 02:45,2025-11-10 03:15,closed,chat,C102145,,VA-EB-PL2,Billing & Payments,High,Billing,A3034,0.0,3.0,1574.0,RETURN-QC-OK,N,refund was promised 12 days ago and nothing,refund reprocessed. issue: refund delay. checked refund status on pg.,helpdesk,2025-11-08 02:44:00,2025-11-08 02:45:00,2025-11-10 03:15:00,2025-11,0.016666666666666666,48.516666666666666,0.25,False,0.0,210.0,0.0,0.0,True,Billing & Payments,Returns & Refunds,ML model prediction from opening text (prob: 0.93),False
TK-254029,2026-06-10 16:50,2026-06-10 18:54,2026-06-12 19:19,resolved,voice,C105915,VR894947,VA-EB-PL2,Returns & Refunds,Low,Returns Desk,A3036,0.0,2.0,1750.0,RETURN-QC-OK,N,[IVR transcript] hi you picked up the item 7 days ago and my money hasn't comme back pulse 2 buds anoyne there,issue: refund pending | checked reverse pickup qc status -> refund reprocessed ~Pranav,helpdesk,2026-06-10 16:50:00,2026-06-10 18:54:00,2026-06-12 19:19:00,2026-06,2.066666666666667,50.483333333333334,2.0,True,350.0,520.0,0.0,0.0,True,Returns & Refunds,Returns & Refunds,ML model prediction from opening text (prob: 0.85),True
TK-252825,2026-05-03 14:13,2026-05-03 16:08,2026-05-03 16:28,resolved,voice,C100030,VR907459,VA-EB-PL2,App & Firmware,Normal,Voice Frontline,A3024,0.0,,,,N,"the progress bar has not moved since morning
what do i do now?",cx: update hang | asked cx to keep in case 30 min -> replacement raised (bricked) -SS,helpdesk,2026-05-03 14:13:00,2026-05-03 16:08:00,2026-05-03 16:28:00,2026-05,1.9166666666666667,2.25,2.0,False,0.0,520.0,0.0,0.0,True,Hardware & Technical,Hardware & Technical,ML model prediction from opening text (prob: 0.84),True
TK-240671,2025-02-08 14:10,2025-02-08 14:38,2025-02-09 09:35,resolved,voice,C102534,VR888246,VA-EB-AIR,Delivery & Shipping,Normal,Logistics,A3030,,4.0,,,N,"helo
package not deliverd even after 19 days
urrgent","1. Delivery delayed
2. Raised ticket with courier partner
3. Re-shipped from warehouse ~Imran",legacy_fd,2025-02-08 14:10:00,2025-02-08 14:38:00,2025-02-09 09:35:00,2025-02,0.4666666666666667,19.416666666666668,2.0,False,0.0,520.0,0.0,0.0,True,Delivery & Shipping,Delivery & Shipping,ML model prediction from opening text (prob: 0.67),True
TK-244589,2025-08-28 20:36,2025-08-28 20:48,2025-08-28 15:57,resolved,chat,C106999,,VA-AC-CASE,Billing & Payments,High,Billing,A3035,,,552.0,DUP-PAYMENT,N,"hey
paid via upi, amount deducted, no order confirmation
the charging case i ordered
hello??",refuded Rs 552,legacy_fd,2025-08-28 20:36:00,2025-08-28 20:48:00,2025-08-28 15:57:00,2025-08,0.2,-4.65,0.25,False,0.0,210.0,0.0,0.0,True,Warranty & RMA,Hardware & Technical,Rule match: Hardware / Audio / Battery / Connection defect,False
TK-248701,2025-12-26 14:18,2025-12-26 14:20,2025-12-29 14:53,resolved,chat,C104008,VR899459,VA-HP-ST3,Delivery & Shipping,Normal,Logistics,A3029,0.0,2.0,1260.0,DOA-REPL,N,box was crushed and teh Strata 3 is cracked,issue: damaged in transit | checked with courier for damage claim -> replacement dispatched,helpdesk,2025-12-26 14:18:00,2025-12-26 14:20:00,2025-12-29 14:53:00,2025-12,0.03333333333333333,72.58333333333333,0.25,False,0.0,210.0,0.0,0.0,True,Delivery & Shipping,Delivery & Shipping,ML model prediction from opening text (prob: 0.35),True
TK-248212,2025-12-11 19:46,2025-12-11 21:17,2025-12-11 21:34,resolved,email,C105637,VR908985,VA-EB-PL2,Charging & Battery,Normal,Email Frontline,A3018,0.0,,,,N,"I have been a lyoal customer and this is how you treat me.  Got pluse 2 buds from Amazon lsat month. battery drains very fast, barely lasts 2 hours. I already turned off always-on display. This is the last tiem I buy from you.",reported: battery draining fast. adv disabling anc/aod to test. esc to warranty. cx informed.,helpdesk,2025-12-11 19:46:00,2025-12-11 21:17:00,2025-12-11 21:34:00,2025-12,1.5166666666666666,1.8,8.0,False,0.0,260.0,0.0,0.0,True,Hardware & Technical,Hardware & Technical,Rule match: Hardware / Audio / Battery / Connection defect,True
TK-244544,2025-08-27 11:44,2025-08-27 12:28,2025-08-27 07:19,resolved,voice,C109473,VR910000,VA-HP-ST2,Connectivity,Normal,Voice Frontline,A3025,,3.0,,,N,[IVR transcript] bluetooth keeps cutting out what do i do now?,FW update resolved. Issue: intermittent disconnects. Advised to test in different location.,legacy_fd,2025-08-27 11:44:00,2025-08-27 12:28:00,2025-08-27 07:19:00,2025-08,0.7333333333333333,-4.416666666666667,2.0,False,0.0,520.0,0.0,0.0,True,Hardware & Technical,Hardware & Technical,Rule match: Hardware / Audio / Battery / Connection defect,True
TK-243036,2025-06-19 18:27,2025-06-19 20:13,2025-06-19 14:52,resolved,email,C103338,VR899424,VA-SP-ORB,Other,Normal,Email Frontline,A3018,,,,,N,"Product: my Orbit
Purchased: 09-06-2025
Issue: entered wrog pincode
Tried: tried editing in app
Expected: resolution","cust contacted re address change request. updated address with crr. already dispatched, adv to redirect with crr. case closed with cx consent.",legacy_fd,2025-06-19 18:27:00,2025-06-19 20:13:00,2025-06-19 14:52:00,2025-06,1.7666666666666666,-3.5833333333333335,8.0,False,0.0,260.0,0.0,0.0,True,Delivery & Shipping,Delivery & Shipping,Rule match: Delivery / Courier tracking / Non-receipt issue,True
TK-246834,2025-11-07 15:00,2025-11-07 15:54,2025-11-07 16:12,resolved,social,C105480,VR886450,VA-HP-ST2,Billing & Payments,Normal,Billing,A3035,0.0,,3999.0,DUP-PAYMENT,N,Very poor quality.  I bought Strata 2 on 25-10-2025. the page failed after I paid and now nothing shows in my account. I already waited 24 hours. Refund. Now.,"Customer states failed order after payment. Asked for UTR. Refund approved, Rs 3999, 5-7 working days. Closing.",helpdesk,2025-11-07 15:00:00,2025-11-07 15:54:00,2025-11-07 16:12:00,2025-11,0.9,1.2,4.0,False,0.0,240.0,0.0,0.0,True,Delivery & Shipping,Billing & Payments,ML model prediction from opening text (prob: 0.53),False
TK-243383,2025-07-09 23:29,2025-07-10 00:34,2025-07-21 21:25,resolved,email,C109333,VR881620,VA-EB-PL2,Connectivity,High,Email Frontline,A3043,,2.0,,,N,"pathetic experience honestly.  teh pulse 2 earbuds purchased in january, order vr881620. not pairing with my phone. i already restarted the phone. this is the last time i buy from you.","Cx reported unable to piar with phone. Asked cx to reset the device. xfer to Escalatioons & wty. Advised FW update via app, rslvd. ~Meera",legacy_fd,2025-07-09 23:29:00,2025-07-10 00:34:00,2025-07-21 21:25:00,2025-07,1.0833333333333333,285.93333333333334,8.0,False,0.0,260.0,0.0,0.0,True,Hardware & Technical,Hardware & Technical,Rule match: Hardware / Audio / Battery / Connection defect,True
TK-250187,2026-02-10 22:20,2026-02-11 05:46,2026-02-12 06:11,resolved,email,C106734,VR893803,VA-NB-ARC,Other,Normal,Email Frontline,A3016,0.0,5.0,,,N,"hey
my order has not been delivered yet
arc neckband","re: delivery delayed | chk awb with courier -> courier confirmed delivery for 11 feb, cx informed ~Ritika",helpdesk,2026-02-10 22:20:00,2026-02-11 05:46:00,2026-02-12 06:11:00,2026-02,7.433333333333334,31.85,8.0,False,0.0,260.0,0.0,0.0,True,Delivery & Shipping,Delivery & Shipping,ML model prediction from opening text (prob: 0.80),True
TK-248556,2025-12-22 04:40,2025-12-22 04:43,2026-01-03 07:58,resolved,chat,C106998,,VA-HP-ST3,Warranty & Repair,Normal,Escalations & Warranty,A3040,0.0,,,,N,"dear sir/madam,

i am writing with reference to my order of strata 3 placed on 21-11-2025. service centre took it, now silence. i have emailed twice. i request you to kindly arrange a replacement.

regards,
aditya dhillon
delhi","1. wty claim status
2. Checked QC report
3. Repair completed, shipped back ~Geeta",helpdesk,2025-12-22 04:40:00,2025-12-22 04:43:00,2026-01-03 07:58:00,2025-12,0.05,291.3,0.25,False,0.0,210.0,0.0,0.0,True,Delivery & Shipping,Warranty & RMA,ML model prediction from opening text (prob: 0.90),False
TK-254082,2026-06-12 12:11,2026-06-12 18:03,2026-06-17 19:47,resolved,email,C103544,,VA-SW-NX1,Warranty & Repair,Normal,Escalations & Warranty,A3042,0.0,4.0,,,N,"PRODUCT: THE NEXA SMARTWATCH
ORDER: VR891190
PURCHASED: MAY 16
ISSUE: THE BAND SNAPPED WHILE I WAS PUTTING IT ON THIS MORNING
TRIED: BOUGHT A THIRD-PARTY STRAP
EXPECTED: REFUND",as discussed,helpdesk,2026-06-12 12:11:00,2026-06-12 18:03:00,2026-06-17 19:47:00,2026-06,5.866666666666666,127.6,8.0,False,0.0,260.0,0.0,0.0,True,Hardware & Technical,Warranty & RMA,ML model prediction from opening text (prob: 0.47),False
TK-249126,2026-01-09 12:22,2026-01-09 21:28,2026-01-09 21:46,closed,email,C101121,VR897473,VA-SW-FIT,Billing & Payments,Normal,Billing,A3035,0.0,5.0,,,N,"hi vireo support, this is regarding nexa fit. invoice not downloading. i want a replacement. please revert,",re: invoice query | updated gstin on order -> gst invoice regenerated and shared,helpdesk,2026-01-09 12:22:00,2026-01-09 21:28:00,2026-01-09 21:46:00,2026-01,9.1,9.4,8.0,True,350.0,260.0,0.0,0.0,True,Billing & Payments,Billing & Payments,ML model prediction from opening text (prob: 0.34),True
TK-252364,2026-04-20 11:24,2026-04-20 13:08,2026-04-20 13:41,resolved,email,C109065,VR909260,VA-EB-PL1,Connectivity,High,Email Frontline,A3021,0.0,3.0,,,N,"not acceptable at tihs price. got my puulse form vireo.in around diwali. pairing is not working. i already tried on another phone. i want a relpacement or refund, notihng else.","Advised FW update via app, resolved. Issue: unable to pair with phone. Walked through forget + re-pair. //SIM",helpdesk,2026-04-20 11:24:00,2026-04-20 13:08:00,2026-04-20 13:41:00,2026-04,1.7333333333333334,2.283333333333333,8.0,False,0.0,260.0,0.0,0.0,True,Hardware & Technical,Hardware & Technical,Rule match: Hardware / Audio / Battery / Connection defect,True
TK-246046,2025-10-16 14:07,2025-10-16 14:10,2025-10-16 14:29,resolved,chat,C100021,,VA-EB-PL2,Other,Normal,Chat Frontline,A3013,0.0,3.0,,,N,"Hi Vireo support, I bought the Pulse 2 earbuds on 13-10-2025.  UPI shows success, your app shows nothing. I want a replacement. Thanks & regards, Sukhwinder",rfnd processed to source. Issue: amount deducted without ord. Asked for UTR.,helpdesk,2025-10-16 14:07:00,2025-10-16 14:10:00,2025-10-16 14:29:00,2025-10,0.05,0.36666666666666664,0.25,False,0.0,210.0,0.0,0.0,True,Hardware & Technical,Billing & Payments,ML model prediction from opening text (prob: 0.41),False
TK-254479,2026-06-23 21:36,2026-06-24 04:13,2026-06-24 04:27,resolved,email,C103946,VR898634,VA-HP-ST3,Other,Normal,Email Frontline,A3002,0.0,,,,N,"hi
typo in the flat number, courier will never find it
my strata 3 headphones
anyone there",Customer reached out - address update. chk dispatch status. Address updated. Closing. (SOP 4.2) -VG,helpdesk,2026-06-23 21:36:00,2026-06-24 04:13:00,2026-06-24 04:27:00,2026-06,6.616666666666666,6.85,8.0,False,0.0,260.0,0.0,0.0,True,Delivery & Shipping,Delivery & Shipping,Rule match: Delivery / Courier tracking / Non-receipt issue,True
TK-251390,2026-03-21 13:25,2026-03-21 13:29,2026-03-24 13:54,resolved,chat,C101981,,VA-EB-PL1,Delivery & Shipping,High,Logistics,A3027,0.0,4.0,,,N,"order not delivered, tracking not updating, waiting for your reply","Reported: shipment not received. conf address w/ cx. RTO conf, reshipped. (SOP 2.7)",helpdesk,2026-03-21 13:25:00,2026-03-21 13:29:00,2026-03-24 13:54:00,2026-03,0.06666666666666667,72.48333333333333,0.25,False,0.0,210.0,0.0,0.0,True,Delivery & Shipping,Delivery & Shipping,Rule match: Delivery / Courier tracking / Non-receipt issue,True
TK-249145,2026-01-10 06:15,2026-01-10 06:16,2026-01-12 06:36,resolved,chat,C101805,,VA-EB-PL1,Delivery & Shipping,Normal,Logistics,A3031,0.0,,,,N,"ORDERED BLACK, GOT WHITE, NOT WHAT I ASKED FOR - KINDLY LOOK INTO IT","re: incorrect prodcut shipped | raised with warehouse -> rfnd issued, cx did not want replacement [closed]",helpdesk,2026-01-10 06:15:00,2026-01-10 06:16:00,2026-01-12 06:36:00,2026-01,0.016666666666666666,48.35,0.25,False,0.0,210.0,0.0,0.0,True,Delivery & Shipping,Returns & Refunds,ML model prediction from opening text (prob: 0.46),False
TK-241472,2025-03-26 11:46,2025-03-26 11:53,2025-03-26 06:53,resolved,chat,C106539,VR890933,VA-SW-NX2,App & Firmware,High,Chat Frontline,A3009,,4.0,,,N,"Hello Vireo,
Order VR890933 (my Nexa 2 watch).  After the update prompt it went dark and never came back.
I restarted the app. Nothing changed.
This is very disappointing.
I want my money back.",issue: update hang | walked through recovery mode -> rplc raised (bricked),legacy_fd,2025-03-26 11:46:00,2025-03-26 11:53:00,2025-03-26 06:53:00,2025-03,0.11666666666666667,-4.883333333333334,0.25,False,0.0,210.0,0.0,0.0,True,Hardware & Technical,Hardware & Technical,ML model prediction from opening text (prob: 0.71),True
TK-244090,2025-08-10 15:43,2025-08-10 15:56,2025-08-10 10:53,resolved,chat,C103130,VR886505,VA-SP-MINI,Connectivity,Low,Chat Frontline,A3011,,5.0,,,N,"it connects for a second and then vanishes from the device list
VR886505","1. device not discoverable
2. walked through forget + re-pair
3. advised fw update via app, rslvd -SM",legacy_fd,2025-08-10 15:43:00,2025-08-10 15:56:00,2025-08-10 10:53:00,2025-08,0.21666666666666667,-4.833333333333333,0.25,False,0.0,210.0,0.0,0.0,True,Hardware & Technical,Hardware & Technical,ML model prediction from opening text (prob: 0.59),True
TK-252793,2026-05-02 14:46,2026-05-02 16:45,2026-05-18 18:33,resolved,email,C107201,VR890856,VA-SP-MINI,Charging & Battery,High,Email Frontline,A3039,1.0,3.0,,,N,Not acceptable at this price. I bought Orbit Mini on 02/12. speaker not powering on at all. I already hled power button 30 sec. Refund. Now.,"1. no power
2. asked cx to try different adaptor
3. xfer to escalations & wty
4. esc to wty",helpdesk,2026-05-02 14:46:00,2026-05-02 16:45:00,2026-05-18 18:33:00,2026-05,1.9833333333333334,387.78333333333336,8.0,False,0.0,260.0,1.0,305.0,True,Hardware & Technical,Hardware & Technical,ML model prediction from opening text (prob: 0.30),True
TK-240228,2025-01-05 11:00,2025-01-05 16:38,2025-01-05 11:22,resolved,email,C100177,,VA-EB-PL1,Connectivity,Low,Email Frontline,A3018,,4.0,,,N,bluetooth keeps cutting out. what do i do now?,sorted,legacy_fd,2025-01-05 11:00:00,2025-01-05 16:38:00,2025-01-05 11:22:00,2025-01,5.633333333333334,0.36666666666666664,8.0,False,0.0,260.0,0.0,0.0,True,Hardware & Technical,Hardware & Technical,Rule match: Hardware / Audio / Battery / Connection defect,True
TK-244981,2025-09-10 09:58,2025-09-10 10:17,2025-09-13 05:25,resolved,social,C105548,VR893911,VA-SW-NX2,Billing & Payments,High,Billing,A3027,,3.0,,,N,"to the vireo customer care team,

i am writing with reference to my order of nexa 2 (vr893911) placed on 28 aug. paid but package not delivered even after 5 days. i haave checked with neighbours. i request u to process a refund to my originaal payment method.

yours faithfully,
lakshmi varghese
mysuru",Cx says delivery delayed. conf address w/ cx. xfer to Logistics. Re-shipped from warehouse.,legacy_fd,2025-09-10 09:58:00,2025-09-10 10:17:00,2025-09-13 05:25:00,2025-09,0.31666666666666665,67.45,4.0,False,0.0,240.0,0.0,0.0,True,Delivery & Shipping,Delivery & Shipping,Rule match: Delivery / Courier tracking / Non-receipt issue,True
TK-244978,2025-09-10 09:12,2025-09-10 09:15,2025-09-10 03:59,resolved,chat,C105417,VR908039,VA-SP-MINI,Delivery & Shipping,Normal,Logistics,A3035,,,2374.0,CANCEL,N,cancel order VR908039,Reported: cancellation request. Cancelled before dispatch. Transferred to Billing. Full refund processed (2374). Cx informed.,legacy_fd,2025-09-10 09:12:00,2025-09-10 09:15:00,2025-09-10 03:59:00,2025-09,0.05,-5.216666666666667,0.25,False,0.0,210.0,0.0,0.0,True,Delivery & Shipping,Other / Unclear,ML model prediction from opening text (prob: 0.60),False
TK-242346,2025-05-12 21:22,2025-05-12 21:25,2025-05-14 16:16,resolved,chat,C102840,,VA-EB-AIR,Billing & Payments,Normal,Billing,A3027,,,,,N,"Dear Sir/Madam,

I am writing with reference to my order of the AirLite buds placed on 01-05-2025. Rs debited on 01/05, still empty handed. I have called the courier. I request you to kindly arrange a replacement.

Yours faithfully,
Aadhya Joshi",Ticket raised for shipment not rcvd. Raised ticket w/ courier partner. xfer to Logistics. Re-shipped from warehouse.,legacy_fd,2025-05-12 21:22:00,2025-05-12 21:25:00,2025-05-14 16:16:00,2025-05,0.05,42.9,0.25,False,0.0,210.0,0.0,0.0,True,Delivery & Shipping,Delivery & Shipping,Rule match: Delivery / Courier tracking / Non-receipt issue,True
TK-243075,2025-06-22 11:24,2025-06-22 11:29,2025-06-22 06:08,resolved,chat,C108110,,VA-EB-PL1,Account & Login,Normal,Chat Frontline,A3012,,,,,N,"Got pulse 1 from Amazon 3 weeks back. Invoice not downloading. I checked orders page. I want a replacement. Rgds, Rajat Chauhan",issue: invoice not downloading | updated gstin on order -> invoice emailed -SS,legacy_fd,2025-06-22 11:24:00,2025-06-22 11:29:00,2025-06-22 06:08:00,2025-06,0.08333333333333333,-5.266666666666667,0.25,False,0.0,210.0,0.0,0.0,True,Billing & Payments,Billing & Payments,ML model prediction from opening text (prob: 0.79),True
TK-243407,2025-07-11 12:28,2025-07-11 14:15,2025-07-11 08:57,resolved,email,C106983,,VA-SP-MINI,Product Enquiry,Normal,Email Frontline,A3018,,,,,N,"hey
can i connct two orbit mini together
orbit mni",customer reached out - pre-sales query. shared spec sheet. query answered. cx satisfied on chat.,legacy_fd,2025-07-11 12:28:00,2025-07-11 14:15:00,2025-07-11 08:57:00,2025-07,1.7833333333333334,-3.5166666666666666,8.0,False,0.0,260.0,0.0,0.0,True,Product Enquiry,Other / Unclear,ML model prediction from opening text (prob: 0.30),False
TK-249745,2026-01-27 12:12,2026-01-27 15:08,2026-01-27 15:26,resolved,email,C104237,VR897221,VA-EB-PL2,Connectivity,Normal,Email Frontline,A3018,0.0,4.0,,,N,"Product: the Pulse 2 earbuds
Purchased: 26 Oct
Issue: not pairing with my phone
Tried: forgot the device and tried again
Expected: callback","contact re device not discoverable. asked cx to reset the device. adv fw update via app, resolved. case closed with cx consent.",helpdesk,2026-01-27 12:12:00,2026-01-27 15:08:00,2026-01-27 15:26:00,2026-01,2.933333333333333,3.2333333333333334,8.0,False,0.0,260.0,0.0,0.0,True,Hardware & Technical,Hardware & Technical,Rule match: Hardware / Audio / Battery / Connection defect,True
TK-243371,2025-07-09 08:45,2025-07-09 15:27,2025-07-09 10:15,closed,email,C101378,VR880539,VA-SW-FIT,Charging & Battery,Normal,Email Frontline,A3018,,3.0,,,N,"battery life has dropped to almost nothing
VR880539
need this sorted this week","reported: battery draining fast. adv disabling anc/aod to test. fw update pushed, adv to monitor. cx informed.",legacy_fd,2025-07-09 08:45:00,2025-07-09 15:27:00,2025-07-09 10:15:00,2025-07,6.7,1.5,8.0,False,0.0,260.0,0.0,0.0,True,Hardware & Technical,Hardware & Technical,Rule match: Hardware / Audio / Battery / Connection defect,True
TK-249629,2026-01-24 13:04,2026-01-24 21:38,2026-01-24 22:12,resolved,email,C104685,,VA-EB-PL2,Billing & Payments,Normal,Billing,A3031,1.0,1.0,3149.0,LOST-TRANSIT,N,payment successful but order not delivred,Full refund processed (3149). Issue: ord not delivered. Confirmed address with cx. Via Logistics.,helpdesk,2026-01-24 13:04:00,2026-01-24 21:38:00,2026-01-24 22:12:00,2026-01,8.566666666666666,9.133333333333333,8.0,True,350.0,260.0,1.0,305.0,True,Delivery & Shipping,Delivery & Shipping,ML model prediction from opening text (prob: 0.82),True
TK-250137,2026-02-09 01:40,2026-02-09 01:47,2026-02-09 02:06,resolved,chat,C106054,VR895200,VA-AC-CH65,Other,Low,Chat Frontline,A3017,1.0,,,,N,"Product: the GaN charger
Order: VR895200
Purchased: 29 Nov
Issue: my son ordered this without asking, please reverse
Tried: tried cancel button, greyed out
Expected: refund","Tickket raised for canceel order. Checked shpiment status. Already shipped, advised RTO/return.",helpdesk,2026-02-09 01:40:00,2026-02-09 01:47:00,2026-02-09 02:06:00,2026-02,0.11666666666666667,0.43333333333333335,0.25,False,0.0,210.0,1.0,305.0,True,Delivery & Shipping,Delivery & Shipping,ML model prediction from opening text (prob: 0.78),True
TK-247462,2025-11-22 21:31,2025-11-22 21:40,2025-12-04 22:20,resolved,chat,C100087,,VA-SW-FIT,App & Firmware,High,Chat Frontline,A3013,0.0,,,,N,screen is unresponsive,Hard reset rslvd. Issue: unresponsive display. Walked through hard reset. //SNE,helpdesk,2025-11-22 21:31:00,2025-11-22 21:40:00,2025-12-04 22:20:00,2025-11,0.15,288.81666666666666,0.25,False,0.0,210.0,0.0,0.0,True,Hardware & Technical,Warranty & RMA,ML model prediction from opening text (prob: 0.87),False
TK-254426,2026-06-22 15:00,2026-06-22 15:34,2026-07-04 21:08,resolved,email,C100483,VR900842,VA-EB-PL2,Warranty & Repair,Normal,Escalations & Warranty,A3042,0.0,,,,N,"hello ji
no update on my repair
hello??",ticket raised for repair status follow-up. checked qc report. replacement approved and dispatched.,helpdesk,2026-06-22 15:00:00,2026-06-22 15:34:00,2026-07-04 21:08:00,2026-06,0.5666666666666667,294.1333333333333,8.0,False,0.0,260.0,0.0,0.0,True,Delivery & Shipping,Warranty & RMA,ML model prediction from opening text (prob: 0.93),False
TK-246247,2025-10-21 18:31,2025-10-21 18:36,2025-10-21 18:57,resolved,chat,C102437,VR888447,VA-HP-ST3,Other,Low,Chat Frontline,A3010,0.0,,,,N,"hey
my bank says rs 4999 went to you but your site says i have no ordrs
urgent",Ticket raised for amount deducted without order. Asked for UTR. Order manually created.,helpdesk,2025-10-21 18:31:00,2025-10-21 18:36:00,2025-10-21 18:57:00,2025-10,0.08333333333333333,0.43333333333333335,0.25,False,0.0,210.0,0.0,0.0,True,Other / Unclear,Billing & Payments,ML model prediction from opening text (prob: 0.53),False
TK-253602,2026-05-28 16:39,2026-05-28 19:25,2026-05-28 19:40,resolved,email,C102099,VR889639,VA-EB-PL1,Connectivity,High,Email Frontline,A3008,1.0,,,,N,"Hi Vireo support, I bought Pulse earbuds on 19-12-2025. The pairing light blinks but nothing ever shows up on my Vivo. Kindly look into it. Regards Suresh Reddy","Cx says device not discoverable. Checked phone OS version. Transferred to Chat Frontline. Advised FW update via app, resolved. ~Ramesh",helpdesk,2026-05-28 16:39:00,2026-05-28 19:25:00,2026-05-28 19:40:00,2026-05,2.7666666666666666,3.0166666666666666,8.0,False,0.0,260.0,1.0,305.0,True,Hardware & Technical,Hardware & Technical,Rule match: Hardware / Audio / Battery / Connection defect,True
TK-251244,2026-03-16 19:35,2026-03-16 21:02,2026-03-16 21:29,closed,email,C105255,VR882499,VA-EB-PL2,Delivery & Shipping,Normal,Logistics,A3030,0.0,4.0,,,N,"the courier marked it delivered but nobdoy in my house got anything
VR882499","delivery delayed | raised ticket w/ courier partner -> courier conf delivery for 20 mar, cx informed (SOP 4.2)",helpdesk,2026-03-16 19:35:00,2026-03-16 21:02:00,2026-03-16 21:29:00,2026-03,1.45,1.9,8.0,False,0.0,260.0,0.0,0.0,True,Delivery & Shipping,Delivery & Shipping,Rule match: Delivery / Courier tracking / Non-receipt issue,True
TK-242852,2025-06-09 20:55,2025-06-09 20:59,2025-06-09 16:03,closed,voice,C102957,VR882969,VA-EB-PL1,App & Firmware,Normal,Voice Frontline,A3026,,4.0,,,N,[IVR transcript] hi sir app not opening after update pls help karo pulse earbuds VR882969 anyone there,"1. App crashing
2. Known isse on Android 15 - bug logged
3. Advised beta build, rslvd -NP",legacy_fd,2025-06-09 20:55:00,2025-06-09 20:59:00,2025-06-09 16:03:00,2025-06,0.06666666666666667,-4.866666666666666,2.0,False,0.0,520.0,0.0,0.0,True,Hardware & Technical,Hardware & Technical,ML model prediction from opening text (prob: 0.70),True
TK-254623,2026-06-28 21:10,2026-06-28 21:13,2026-06-28 21:38,resolved,chat,C108121,,VA-EB-PL1,Billing & Payments,High,Billing,A3035,0.0,4.0,,,N,please sahre invoice with GST number,Customer reached out - GST invoice request. Updated GSTIN on order. GST invoice regenerated and shared. Case closed with cx consent. (SOP 2.7),helpdesk,2026-06-28 21:10:00,2026-06-28 21:13:00,2026-06-28 21:38:00,2026-06,0.05,0.4666666666666667,0.25,False,0.0,210.0,0.0,0.0,True,Billing & Payments,Billing & Payments,ML model prediction from opening text (prob: 0.73),True
TK-252902,2026-05-05 15:59,2026-05-05 16:00,2026-05-10 16:23,resolved,chat,C102804,VR909723,VA-EB-PL1,Delivery & Shipping,High,Logistics,A3030,0.0,3.0,,,Y,"Namaste, Pulse earbuds purchased in April, order VR909723.  There's a dent on the case straight out of the box. I took photos. Waiting for ur reply. Please revert, Faisal Pillai","Cx says transit damage. Checked w/ courier for damage claim. rplc raised, RMA shared w/ cx. Closing. (SOP 3.1) ~Imran",helpdesk,2026-05-05 15:59:00,2026-05-05 16:00:00,2026-05-10 16:23:00,2026-05,0.016666666666666666,120.4,0.25,False,0.0,210.0,0.0,0.0,True,Warranty & RMA,Delivery & Shipping,ML model prediction from opening text (prob: 0.38),False
TK-242718,2025-06-02 07:34,2025-06-02 07:36,2025-06-07 02:22,resolved,chat,C109491,,VA-EB-AIR,Delivery & Shipping,Normal,Logistics,A3028,,,,,N,"hey, bought airlite earbuds around 25 may from amazon. tracking has said out for delivery for a week now. i called the courier. waiting for your reply. thank you,","cx says ord not delivered. conf address w/ cx. crr conf dlvrry for 04 jun, cx informed.",legacy_fd,2025-06-02 07:34:00,2025-06-02 07:36:00,2025-06-07 02:22:00,2025-06,0.03333333333333333,114.8,0.25,False,0.0,210.0,0.0,0.0,True,Delivery & Shipping,Delivery & Shipping,Rule match: Delivery / Courier tracking / Non-receipt issue,True
TK-249254,2026-01-12 23:46,2026-01-12 23:58,2026-01-13 00:22,resolved,chat,C107128,VR895657,VA-EB-PL2,Connectivity,Low,Chat Frontline,A3002,0.0,,315.0,WTY-BUYBACK,N,Vrey poor quality. This is regarding my Pusle 2. keeps losing my phone if I walk to the other room. I already kept phone in hand. Escalate this to someone senior.,"cx reached out - BT dropouts. Advised to test in different location. Advised, cx will monitor. Cx satisfied on chat. -VG",helpdesk,2026-01-12 23:46:00,2026-01-12 23:58:00,2026-01-13 00:22:00,2026-01,0.2,0.6,0.25,False,0.0,210.0,0.0,0.0,True,Hardware & Technical,Hardware & Technical,ML model prediction from opening text (prob: 0.73),True
TK-249695,2026-01-26 08:30,2026-01-26 08:39,2026-01-26 09:27,resolved,chat,C102533,VR880664,VA-EB-PL2,Audio Quality,Normal,Chat Frontline,A3012,0.0,,,,N,"namaste,
order vr880664 (my pulse 2). onnly one side plays sound.
i checked balance settings.
relaly frustrating.
plesae advise.
thanks in advance kabir",cx: left side silent | checked balance settings w/ cx -> escalated to wty -SS,helpdesk,2026-01-26 08:30:00,2026-01-26 08:39:00,2026-01-26 09:27:00,2026-01,0.15,0.95,0.25,False,0.0,210.0,0.0,0.0,True,Hardware & Technical,Hardware & Technical,ML model prediction from opening text (prob: 0.49),True
TK-250260,2026-02-13 15:36,2026-02-13 16:45,2026-02-18 17:10,resolved,social,C102915,VR901730,VA-EB-PL2,Billing & Payments,High,Billing,A3033,0.0,,,,N,"11 days since payment, you have no idea where it is and neither do I. please call me on my registered number","re: shipment not received | raised ticket with crr partner -> crr conf dlvry for 15 feb, cx informed",helpdesk,2026-02-13 15:36:00,2026-02-13 16:45:00,2026-02-18 17:10:00,2026-02,1.15,121.56666666666666,4.0,False,0.0,240.0,0.0,0.0,True,Delivery & Shipping,Delivery & Shipping,ML model prediction from opening text (prob: 0.74),True
TK-244999,2025-09-10 20:48,2025-09-10 21:57,2025-09-10 17:03,resolved,email,C108963,VR887893,VA-EB-PL1,Audio Quality,Low,Email Frontline,A3018,,4.0,,,N,Not what I expected from Vireo. This is regarding my Pulse. crackling sound in the right side. I already tried different apps. Refund. Now.,"cx says adio distortion. checked fw. adv eq reset, rslvd. follow-up not required.",legacy_fd,2025-09-10 20:48:00,2025-09-10 21:57:00,2025-09-10 17:03:00,2025-09,1.15,-3.75,8.0,False,0.0,260.0,0.0,0.0,True,Hardware & Technical,Hardware & Technical,Rule match: Hardware / Audio / Battery / Connection defect,True
TK-248394,2025-12-17 11:35,2025-12-18 00:52,2025-12-18 01:29,resolved,email,C100839,VR885872,VA-EB-PL1,Connectivity,Normal,Email Frontline,A3003,0.0,,,,N,"hello ji
connection drops constantly
pls jaldi
my pulse vr885872",cx reported intermittent disconnects. advised to test in different location. fw update resolved.,helpdesk,2025-12-17 11:35:00,2025-12-18 00:52:00,2025-12-18 01:29:00,2025-12,13.283333333333333,13.9,8.0,True,350.0,260.0,0.0,0.0,True,Hardware & Technical,Hardware & Technical,ML model prediction from opening text (prob: 0.32),True
TK-242637,2025-05-29 10:09,2025-05-29 11:41,,open,email,C106770,VR901008,VA-SP-MINI,App & Firmware,Normal,Email Frontline,A3019,,4.0,2499.0,WTY-BUYBACK,N,"Dear Sir/Madam,

I am writing with reference to my order of Orbit Mini (VR901008) placed on 23-03-2025. The Vireo app keeps crashing. I have reinstalled the app. I request you to kindly arrange a replacement.

Sincerely,
Sunita Yadav",rfnd of rs 2499 initiated to source. issue: app crash on device page. checked app version.,legacy_fd,2025-05-29 10:09:00,2025-05-29 11:41:00,,2025-05,1.5333333333333334,,8.0,False,0.0,260.0,0.0,0.0,True,Hardware & Technical,Hardware & Technical,ML model prediction from opening text (prob: 0.50),True
TK-251347,2026-03-20 13:42,2026-03-20 14:25,2026-03-20 21:06,resolved,chat,C103270,VR890289,VA-SP-MINI,Billing & Payments,Normal,Billing,A3027,1.0,2.0,,,N,"not acceptable at this price. got orbit mini from vireo.in 2 weeks ago. paid but package not delivered even after 11 days. i already checked the tracking page daily. i want a replacement or refund, nothing else.","Contact re ord not delivered. chk AWB with crr. xfer to Logistics. crr conf dlvry for 25 Mar, cx informed. (SOP 3.1)",helpdesk,2026-03-20 13:42:00,2026-03-20 14:25:00,2026-03-20 21:06:00,2026-03,0.7166666666666667,7.4,0.25,True,350.0,210.0,1.0,305.0,True,Delivery & Shipping,Delivery & Shipping,Rule match: Delivery / Courier tracking / Non-receipt issue,True
TK-242016,2025-04-22 14:28,2025-04-22 14:29,2025-04-22 09:28,resolved,chat,C104413,VR896266,VA-EB-AIR,Connectivity,Normal,Chat Frontline,A3010,,,,,N,"Dear team, Ordered airlite earbuds 3 weeks back. Bluetooth keeps cutting out. I kept phone in hand. Nothing changed. I want a replacement. Please revert, Arjun George","Cx says BT dropouts. Advised to test in different location. Advised, cx will monitor.",legacy_fd,2025-04-22 14:28:00,2025-04-22 14:29:00,2025-04-22 09:28:00,2025-04,0.016666666666666666,-5.0,0.25,False,0.0,210.0,0.0,0.0,True,Hardware & Technical,Hardware & Technical,Rule match: Hardware / Audio / Battery / Connection defect,True
TK-240026,2024-08-07 21:16,2024-08-07 21:20,2024-08-07 16:08,resolved,chat,C103662,VR900171,VA-SP-ORB,Billing & Payments,Normal,Billing,A3029,,,,,N,"pathtic experience honestly.  order vr900171 (the orbit smart speaker). order not delivered, tracking not updating. i already checked with neighbours. escalate this to someone senior.","Not a billing issue - delivery query, transferring to logistics. re: delivery delayed | raised ticket with courier partner -> courier confirmed delivery for 09 aug, cx informed | xfer logistics",legacy_fd,2024-08-07 21:16:00,2024-08-07 21:20:00,2024-08-07 16:08:00,2024-08,0.06666666666666667,-5.133333333333334,0.25,False,0.0,210.0,0.0,0.0,False,Delivery & Shipping,Delivery & Shipping,Rule match: Delivery / Courier tracking / Non-receipt issue,True
TK-249565,2026-01-23 07:38,2026-01-23 07:47,2026-01-25 08:10,resolved,chat,C104883,VR892857,VA-SW-FIT,Delivery & Shipping,High,Logistics,A3028,0.0,,,,Y,"Product: the fit band
Order: VR892857
Purchased: 22 Jan
Issue: there's a dent on the case straight out of the box
Tried: took photos
Expected: resolution","rplc raised, rma shared w/ cx. issue: damaged in transit. chk w/ crr for damage claim.",helpdesk,2026-01-23 07:38:00,2026-01-23 07:47:00,2026-01-25 08:10:00,2026-01,0.15,48.53333333333333,0.25,False,0.0,210.0,0.0,0.0,True,Warranty & RMA,Delivery & Shipping,ML model prediction from opening text (prob: 0.45),False
TK-240115,2024-11-08 12:46,2024-11-08 14:07,2024-11-08 08:57,resolved,chat,C102761,VR893579,VA-EB-PL1,Billing & Payments,High,Billing,A3029,,3.0,,,N,"hi
my order has not been delivered yet
kindly do the needful",delivery delayed | raised ticket with courier partner -> re-shipped from warehouse | xfer logistics,legacy_fd,2024-11-08 12:46:00,2024-11-08 14:07:00,2024-11-08 08:57:00,2024-11,1.35,-3.816666666666667,0.25,True,350.0,210.0,0.0,0.0,False,Delivery & Shipping,Delivery & Shipping,ML model prediction from opening text (prob: 0.88),True
TK-244562,2025-08-28 07:29,2025-08-28 11:26,2025-08-28 06:26,resolved,email,C106421,VR885065,VA-SW-NX2,Connectivity,High,Email Frontline,A3022,,3.0,,,N,"bought the nexa 2 around 11 feb from vireo.in. pairing is not working.
i restarted the phone. nothing changed.
pathetic experience honestly.
please help.
awaiting response","pairing failure | chk phnoe os version -> reest done, paired ok",legacy_fd,2025-08-28 07:29:00,2025-08-28 11:26:00,2025-08-28 06:26:00,2025-08,3.95,-1.05,8.0,False,0.0,260.0,0.0,0.0,True,Hardware & Technical,Hardware & Technical,Rule match: Hardware / Audio / Battery / Connection defect,True
TK-240288,2025-01-10 14:16,2025-01-10 15:18,,open,social,C101201,VR892204,VA-EB-AIR,Other,Normal,Chat Frontline,A3013,,4.0,1529.0,DUP-PAYMENT,N,"hey, bought airlite earbuds around 08/01 from amazon.  double payment deducted. i waited a week. please advise. rgds,",Refunded Rs 1529. Issue: charged twice. chk PG for duplicate txn.,legacy_fd,2025-01-10 14:16:00,2025-01-10 15:18:00,,2025-01,1.0333333333333334,,4.0,False,0.0,240.0,0.0,0.0,True,Billing & Payments,Billing & Payments,Rule match: Payment gateway / Double charge / Invoice query,True
TK-246355,2025-10-25 10:22,2025-10-25 12:52,2025-10-25 12:59,resolved,voice,C105860,,VA-EB-PL2,Product Enquiry,Normal,Voice Frontline,A3025,0.0,,,,N,[IVR transcript] Pathetic experience honestly. Ordered pulse 2 buds a month ago. will this survive a shower. Escaalte this to someone senior.,issue: compatibility query | shared compatibility info -> cx satisfied,helpdesk,2025-10-25 10:22:00,2025-10-25 12:52:00,2025-10-25 12:59:00,2025-10,2.5,2.6166666666666667,2.0,True,350.0,520.0,0.0,0.0,True,Product Enquiry,Product Enquiry,Rule match: Pre-sales / Product feature query,True
TK-244868,2025-09-07 09:47,2025-09-07 09:59,2025-09-08 04:57,resolved,chat,C106850,VR902173,VA-HP-ST3,Delivery & Shipping,Normal,Logistics,A3027,,,,,N,"product: strata 3
order: vr902173
purchased: 28 aug
issue: i haven't received my order
tried: checked the trakcing page daily
expected: replacement","Cx says shipment not rcvd. Raised ticket w/ crr partner. crr conf delivery for 10 Sep, cx informed. (SOP 2.7)",legacy_fd,2025-09-07 09:47:00,2025-09-07 09:59:00,2025-09-08 04:57:00,2025-09,0.2,19.166666666666668,0.25,False,0.0,210.0,0.0,0.0,True,Delivery & Shipping,Delivery & Shipping,ML model prediction from opening text (prob: 0.91),True
TK-247822,2025-12-02 15:04,2025-12-02 23:07,2025-12-05 02:04,resolved,email,C102030,,VA-EB-PL2,Warranty & Repair,Normal,Escalations & Warranty,A3044,0.0,,,,N,"namaste,
ordered the pulse 2 earbuds 10 days ago. warranty claim pending for 9 days.
need this sorted this week.
thanks & regards,",done,helpdesk,2025-12-02 15:04:00,2025-12-02 23:07:00,2025-12-05 02:04:00,2025-12,8.05,59.0,8.0,True,350.0,260.0,0.0,0.0,True,Warranty & RMA,Warranty & RMA,Rule match: RMA / Warranty service indicator,True
TK-244992,2025-09-10 16:17,2025-09-10 17:55,2025-09-11 12:54,resolved,email,C105126,,VA-HP-ST3,Returns & Refunds,Low,Returns Desk,A3036,,,5599.0,RETURN-QC-OK,N,this is v disappointing. this is regarding my strata 3 headphones. pickup scheduled but no one showed up. i already rescheduled pickup twice. refund. now,issue: pickup missed | re-raised pickup with courier -> refunded rs 5599 ~Pranav,legacy_fd,2025-09-10 16:17:00,2025-09-10 17:55:00,2025-09-11 12:54:00,2025-09,1.6333333333333333,20.616666666666667,8.0,False,0.0,260.0,0.0,0.0,True,Returns & Refunds,Returns & Refunds,Rule match: Return pickup / refund process,True
TK-247286,2025-11-18 15:29,2025-11-18 19:53,2025-11-18 20:12,resolved,social,C106418,VR900155,VA-SW-FIT,Billing & Payments,High,Billing,A3035,0.0,,,,N,"dear sir/madam,

i am writing with reference to my orer of my nexa fit band (vr900155) placed on 18-11-2025. cancel order vr900155. i have tried cancel button, greyed out. i request you to provide a resolution within 3 working days.

regards,
abhishek aora
chandigarh","Alreay shipped, advised RTO/return. Issue: cancel order. Checked shipmetn status. (SOP 2.7)",helpdesk,2025-11-18 15:29:00,2025-11-18 19:53:00,2025-11-18 20:12:00,2025-11,4.4,4.716666666666667,4.0,True,350.0,240.0,0.0,0.0,True,Delivery & Shipping,Delivery & Shipping,ML model prediction from opening text (prob: 0.61),True
TK-253972,2026-06-08 22:11,2026-06-08 22:15,2026-06-08 22:33,closed,chat,C100526,,VA-EB-PL2,Account & Login,Normal,Chat Frontline,A3001,0.0,3.0,,,N,"Hi Vireo support, Bought Pulse2 around March 18 from vireo.in.  Your site keeps saying it sent me a code and my phone disagrees. Please resolve asap. Rgds,","issue: login issue | checked number on account -> otp resent, cx logged in ~Abhishek",helpdesk,2026-06-08 22:11:00,2026-06-08 22:15:00,2026-06-08 22:33:00,2026-06,0.06666666666666667,0.36666666666666664,0.25,False,0.0,210.0,0.0,0.0,True,Account & Login,Account & Login,ML model prediction from opening text (prob: 0.82),True
TK-240776,2025-02-14 13:21,2025-02-14 14:44,2025-02-14 09:39,resolved,email,C104509,,VA-EB-PL1,Billing & Payments,Normal,Billing,A3035,,5.0,2124.0,PRICE-ADJ,N,"Hi, This is regarding my Pulse. Coupon code not working. I tried in caps. Nothing changed. Please help. Rgs Riya Paatel",Cx says coupon not applied. Checked cart eligibility. Store creidt issued. Follow-up not required.,legacy_fd,2025-02-14 13:21:00,2025-02-14 14:44:00,2025-02-14 09:39:00,2025-02,1.3833333333333333,-3.7,8.0,False,0.0,260.0,0.0,0.0,True,Billing & Payments,Billing & Payments,Rule match: Payment gateway / Double charge / Invoice query,True
TK-242774,2025-06-05 13:11,2025-06-05 13:32,2025-06-05 08:18,resolved,voice,C101762,VR907233,VA-SW-FIT,Connectivity,Normal,Voice Frontline,A3025,,3.0,,,N,[IVR transcript] bluetooth pairing fails every time,"unable to pair with phone | walked through forget + re-pair -> advised fw update via app, resolved",legacy_fd,2025-06-05 13:11:00,2025-06-05 13:32:00,2025-06-05 08:18:00,2025-06,0.35,-4.883333333333334,2.0,False,0.0,520.0,0.0,0.0,True,Hardware & Technical,Hardware & Technical,Rule match: Hardware / Audio / Battery / Connection defect,True
TK-249821,2026-01-30 12:12,2026-01-30 13:44,2026-01-30 14:14,resolved,email,C105017,,VA-SW-NX2,Charging & Battery,Normal,Email Frontline,A3019,0.0,,,,Y,"hey, i bought the nexa 2 on 23-01-2026. battery life has dropped to almost nothing. i want a replacement. please revert","replacement raised, rma shard w/ cx. issue: battery draining fast. chk usaage pattern w/ cx.",helpdesk,2026-01-30 12:12:00,2026-01-30 13:44:00,2026-01-30 14:14:00,2026-01,1.5333333333333334,2.033333333333333,8.0,False,0.0,260.0,0.0,0.0,True,Warranty & RMA,Hardware & Technical,Rule match: Hardware / Audio / Battery / Connection defect,False
TK-245580,2025-10-02 07:10,2025-10-02 08:22,2025-10-04 07:33,resolved,chat,C101204,VR882456,VA-SP-MINI,Billing & Payments,Normal,Billing,A3033,0.0,5.0,,,N,"team,
i haven't received my order, payment was dne on 18/09
kal se
orbit miin vr882456
kindly do the needful","dlvry delayed | conf address w/ cx -> rto conf, reshipped //HAR",helpdesk,2025-10-02 07:10:00,2025-10-02 08:22:00,2025-10-04 07:33:00,2025-10,1.2,48.38333333333333,0.25,True,350.0,210.0,0.0,0.0,True,Delivery & Shipping,Delivery & Shipping,ML model prediction from opening text (prob: 0.76),True
TK-240758,2025-02-13 13:43,2025-02-13 13:51,2025-02-13 09:07,resolved,chat,C102821,,VA-EB-PL1,Audio Quality,Low,Chat Frontline,A3009,,,,,N,one of them is just decoration at this point - please call me on my registered number,cx: no audio one side | chk balance settings with cx -> escalated to wty,legacy_fd,2025-02-13 13:43:00,2025-02-13 13:51:00,2025-02-13 09:07:00,2025-02,0.13333333333333333,-4.6,0.25,False,0.0,210.0,0.0,0.0,True,Hardware & Technical,Hardware & Technical,ML model prediction from opening text (prob: 0.57),True
TK-248971,2026-01-04 11:43,2026-01-04 11:45,2026-01-04 12:06,resolved,chat,C104823,,VA-SW-FIT,Billing & Payments,High,Billing,A3033,0.0,,,,N,invoice not downloading,Ticket raised for invoice not downloading. Updated GSTIN on order. GST invoice regenerated and shared. //HAR,helpdesk,2026-01-04 11:43:00,2026-01-04 11:45:00,2026-01-04 12:06:00,2026-01,0.03333333333333333,0.38333333333333336,0.25,False,0.0,210.0,0.0,0.0,True,Billing & Payments,Billing & Payments,ML model prediction from opening text (prob: 0.64),True
TK-252715,2026-04-29 18:34,2026-04-29 18:44,2026-04-30 19:10,resolved,chat,C105484,VR886965,VA-EB-PL2,Returns & Refunds,Normal,Returns Desk,A3036,0.0,4.0,,,N,"product: my pulse 2
order: vr886965
purchased: april 06
issue: still waiting for my refund
tried: checked bank
expected: refund",refund pending | checked reverse pickup qc status -> refund confirmed credited ~Pranav,helpdesk,2026-04-29 18:34:00,2026-04-29 18:44:00,2026-04-30 19:10:00,2026-04,0.16666666666666666,24.6,0.25,False,0.0,210.0,0.0,0.0,True,Returns & Refunds,Returns & Refunds,ML model prediction from opening text (prob: 0.74),True
TK-240234,2025-01-05 13:36,2025-01-05 14:45,2025-01-05 09:51,resolved,voice,C107300,VR901670,VA-EB-PL1,App & Firmware,Normal,Voice Frontline,A3023,,4.0,,,N,"[IVR transcript] hi there, order vr901670 (my pulse). pairing is not working. i restarted the phone. please advise.","Reset done, paired ok. Issue: device not discoverable. Walked through forget + re-pair. //ZOY",legacy_fd,2025-01-05 13:36:00,2025-01-05 14:45:00,2025-01-05 09:51:00,2025-01,1.15,-3.75,2.0,False,0.0,520.0,0.0,0.0,True,Hardware & Technical,Hardware & Technical,Rule match: Hardware / Audio / Battery / Connection defect,True
TK-242310,2025-05-10 12:03,2025-05-10 12:56,2025-05-10 07:40,resolved,email,C101019,VR895230,VA-EB-PL1,Billing & Payments,Normal,Billing,A3033,,5.0,,,N,"Really frustrating. Ordered pulse 1 a month ago. my son ordered this without asking, please reverse. I already tried cancel button, greyed out. Escalate this to someone senior.","re: cancellation request | cancelled before dispatch -> already shipped, advised rto/return //HAR",legacy_fd,2025-05-10 12:03:00,2025-05-10 12:56:00,2025-05-10 07:40:00,2025-05,0.8833333333333333,-4.383333333333334,8.0,False,0.0,260.0,0.0,0.0,True,Delivery & Shipping,Delivery & Shipping,ML model prediction from opening text (prob: 0.64),True
TK-251037,2026-03-09 20:20,2026-03-09 20:22,,pending,chat,C105046,VR904733,VA-EB-PL2,Billing & Payments,Normal,Billing,A3032,0.0,,,,N,"Dear Sir/Madam,

I am writing w/ reference to my order of Pulse 2 (VR904733) placed on 24-02-2026. Payment done, ordder status has not moved since 24 Feb. I have called the courier. I reuqest you to process a refund to my original payment method.

Regards,
Zoya Yadav
Kochi","shipment not received | confirmed address with cx -> courier confirmed delivery for 14 mar, cx informed [closed]",helpdesk,2026-03-09 20:20:00,2026-03-09 20:22:00,,2026-03,0.03333333333333333,,0.25,False,0.0,210.0,0.0,0.0,True,Delivery & Shipping,Delivery & Shipping,Rule match: Delivery / Courier tracking / Non-receipt issue,True
TK-250327,2026-02-15 14:57,2026-02-15 15:09,2026-02-15 15:27,resolved,voice,C108971,VR894326,VA-EB-PL2,Other,Low,Voice Frontline,A3026,0.0,,,,N,"Dear team, Pulse2 purchased recently, order VR894326. My phone just doesn't see it in the list anymore. I forgot the device & tried again. Nothing changed. What do I do now? Thank you,","1. Unable to pair w/ phone
2. chk phone OS version
3. Reset done, paired ok -NP",helpdesk,2026-02-15 14:57:00,2026-02-15 15:09:00,2026-02-15 15:27:00,2026-02,0.2,0.5,2.0,False,0.0,520.0,0.0,0.0,True,Hardware & Technical,Hardware & Technical,ML model prediction from opening text (prob: 0.62),True
TK-242320,2025-05-10 22:49,2025-05-10 22:50,2025-05-22 21:28,resolved,chat,C104139,,VA-SW-FIT,Warranty & Repair,Normal,Escalations & Warranty,A3039,,,,,N,"hey
no update on my repair
pls reply",closed,legacy_fd,2025-05-10 22:49:00,2025-05-10 22:50:00,2025-05-22 21:28:00,2025-05,0.016666666666666666,286.65,0.25,False,0.0,210.0,0.0,0.0,True,Hardware & Technical,Warranty & RMA,ML model prediction from opening text (prob: 0.86),False
TK-242865,2025-06-10 19:55,2025-06-11 05:05,2025-06-14 00:00,resolved,social,C109409,VR895262,VA-SW-NX2,Billing & Payments,Normal,Billing,A3028,,1.0,,,N,very poor quality.  bought the nea 2 around june 06 frrom vireo.in. my order has not been delivered yet. i allready checked with neighbours. fix this or i am posting on twitter.,cust contacted re dlvry delayed. raised ticket w/ crr partner. xfer to logistics. re-shipped from warehouse.,legacy_fd,2025-06-10 19:55:00,2025-06-11 05:05:00,2025-06-14 00:00:00,2025-06,9.166666666666666,76.08333333333333,4.0,True,350.0,240.0,0.0,0.0,True,Delivery & Shipping,Delivery & Shipping,ML model prediction from opening text (prob: 0.81),True
TK-252584,2026-04-26 04:48,2026-04-26 06:59,2026-04-27 07:17,resolved,social,C105506,VR897927,VA-HP-ST3,Delivery & Shipping,Low,Logistics,A3027,0.0,5.0,,,N,not acceptable at this price. i bought the strata 3 on april 02. i haven't recieved my order. i alraedy checked with neighbours. refund. now,"Cust contacted re shipment not rcvd. Checked AWB w/ crr. crr confirmed dlvry for 27 Apr, cx informed.",helpdesk,2026-04-26 04:48:00,2026-04-26 06:59:00,2026-04-27 07:17:00,2026-04,2.183333333333333,26.483333333333334,4.0,False,0.0,240.0,0.0,0.0,True,Delivery & Shipping,Delivery & Shipping,ML model prediction from opening text (prob: 0.75),True
TK-251531,2026-03-26 08:09,2026-03-26 08:35,2026-03-26 08:51,resolved,voice,C106428,VR907608,VA-EB-PL2,Charging & Battery,Normal,Voice Frontline,A3025,0.0,,,,N,"[IVR transcript] battery drains very fast, barely lasts 2 hours - vr907608",battery draining fast | advised disabling anc/aod to test -> replacement raised after test,helpdesk,2026-03-26 08:09:00,2026-03-26 08:35:00,2026-03-26 08:51:00,2026-03,0.43333333333333335,0.7,2.0,False,0.0,520.0,0.0,0.0,True,Hardware & Technical,Hardware & Technical,Rule match: Hardware / Audio / Battery / Connection defect,True
TK-244610,2025-08-29 09:37,2025-08-29 09:52,2025-09-01 04:38,resolved,chat,C102631,VR880862,VA-HP-ST3,Returns & Refunds,Normal,Returns Desk,A3037,,2.0,,,N,"dear sir/madam,

i am writing with reference to my order of strata 3 (vr880862) placed on 08-08-2025. you picked up the item 20 days ago and my money hasn't come back. i have checked bank. i request you to process a refund to my original payment method.

regards,
rajat chauhan",re: refund delay | chk refund staus on pg -> reefund reprocessed,legacy_fd,2025-08-29 09:37:00,2025-08-29 09:52:00,2025-09-01 04:38:00,2025-08,0.25,67.01666666666667,0.25,False,0.0,210.0,0.0,0.0,True,Returns & Refunds,Returns & Refunds,ML model prediction from opening text (prob: 0.84),True
TK-246228,2025-10-21 09:26,2025-10-21 09:32,2025-10-21 10:25,resolved,chat,C103737,VR901214,VA-EB-PL2,Charging & Battery,Normal,Chat Frontline,A3004,0.0,,,,Y,"Hello Vireo,
Bought the Pulse 2 earbuds around August 29 from vireo.in.  The left earbud is not charging at all.
I cleaned the contacts with a cloth.
Not acceptable at this price.
Can someone fix this?
Thanks in advance, Amit Chauhan","cx: l bud no charge in case | asked for photo of the bud contacts -> rplc approved, reverse pkp arranged (sop 5.4)",helpdesk,2025-10-21 09:26:00,2025-10-21 09:32:00,2025-10-21 10:25:00,2025-10,0.1,0.9833333333333333,0.25,False,0.0,210.0,0.0,0.0,True,Returns & Refunds,Hardware & Technical,Rule match: Hardware / Audio / Battery / Connection defect,False
TK-246731,2025-11-04 17:59,2025-11-04 18:08,2025-11-04 18:36,resolved,chat,C103591,VR898813,VA-SW-NX2,Other,Normal,Chat Frontline,A3011,0.0,4.0,,,N,"Dear Sir/Madam,
Ordered my Nexa 2 watch 3 weeks back. I was charged twice for one order.
What do I do now?
Thanks & regards, Trun",double charge | confirmed utrs -> refund processed -SM,helpdesk,2025-11-04 17:59:00,2025-11-04 18:08:00,2025-11-04 18:36:00,2025-11,0.15,0.6166666666666667,0.25,False,0.0,210.0,0.0,0.0,True,Billing & Payments,Billing & Payments,Rule match: Payment gateway / Double charge / Invoice query,True
TK-248767,2025-12-28 21:08,2025-12-28 21:09,,open,chat,C106648,,VA-SP-MINI,Product Enquiry,Normal,Chat Frontline,A3011,0.0,,,,N,really frustrating. i bougth the mini speaker on 16 dec. can i connect two the mini speaker together. fix this or i am posting on twitter.,re: pre-sales query | shared spec sheet -> query answered -SM,helpdesk,2025-12-28 21:08:00,2025-12-28 21:09:00,,2025-12,0.016666666666666666,,0.25,False,0.0,210.0,0.0,0.0,True,Product Enquiry,Product Enquiry,Rule match: Pre-sales / Product feature query,True
TK-254615,2026-06-28 13:14,2026-06-28 13:16,2026-06-28 13:30,resolved,chat,C100958,VR898034,VA-EB-PL1,Product Enquiry,Normal,Chat Frontline,A3004,0.0,4.0,,,N,"Dear Sir/Madam,

I am writing with reference to my order of Pulse earbuds (VR898034) placed on 17-06-2026.  My dad has an old Nokia, will teh watch app run. I request you to kindly arrannge a replacement.

Regards,
Imran Siiddiqui
Lucknow",compatibility query | shared spec sheet -> cx satisfied,helpdesk,2026-06-28 13:14:00,2026-06-28 13:16:00,2026-06-28 13:30:00,2026-06,0.03333333333333333,0.26666666666666666,0.25,False,0.0,210.0,0.0,0.0,True,Product Enquiry,Product Enquiry,ML model prediction from opening text (prob: 0.81),True
TK-244526,2025-08-26 14:17,2025-08-26 14:30,2025-08-26 09:23,resolved,chat,C106722,VR903162,VA-EB-AIR,App & Firmware,Normal,Chat Frontline,A3011,,3.0,,,N,Honestly regretting this purchase. This is regarding the AirLite buds. firmware upadte is stuck at 99%. I already kept it in the case. Escalate tihs to someone senior.,see prev,legacy_fd,2025-08-26 14:17:00,2025-08-26 14:30:00,2025-08-26 09:23:00,2025-08,0.21666666666666667,-4.9,0.25,False,0.0,210.0,0.0,0.0,True,Hardware & Technical,Hardware & Technical,Rule match: Hardware / Audio / Battery / Connection defect,True
TK-248178,2025-12-10 19:34,2025-12-10 21:10,2025-12-10 21:30,resolved,email,C108367,VR900031,VA-SW-NX2,Billing & Payments,Normal,Billing,A3035,0.0,,,,N,invoice not downloading - please help,"1. GST invoice request
2. Regenerated invoice
3. GST invoice regenerated and shared",helpdesk,2025-12-10 19:34:00,2025-12-10 21:10:00,2025-12-10 21:30:00,2025-12,1.6,1.9333333333333333,8.0,False,0.0,260.0,0.0,0.0,True,Billing & Payments,Billing & Payments,ML model prediction from opening text (prob: 0.72),True
TK-245554,2025-10-01 08:59,2025-10-01 09:13,2025-10-01 09:37,resolved,voice,C106481,VR892401,VA-EB-PL1,Audio Quality,High,Voice Frontline,A3025,0.0,3.0,,,N,"hi
crackling sound in the right side
pulse 1
??",as discussed,helpdesk,2025-10-01 08:59:00,2025-10-01 09:13:00,2025-10-01 09:37:00,2025-10,0.23333333333333334,0.6333333333333333,2.0,False,0.0,520.0,0.0,0.0,True,Hardware & Technical,Hardware & Technical,Rule match: Hardware / Audio / Battery / Connection defect,True
TK-250602,2026-02-23 18:25,2026-02-23 18:38,2026-02-23 18:47,resolved,chat,C109399,,VA-SW-NX2,Account & Login,Normal,Chat Frontline,A3010,0.0,,,,N,"Hi, Got the Nexa 2 from vireo.in last week. OTP not coming on my number. I tried 5 times. How do I get ths fixed?","Cx reported unable to log in. chk OTP logs. Number updated, rslvd.",helpdesk,2026-02-23 18:25:00,2026-02-23 18:38:00,2026-02-23 18:47:00,2026-02,0.21666666666666667,0.36666666666666664,0.25,False,0.0,210.0,0.0,0.0,True,Account & Login,Account & Login,Rule match: Account authentication / OTP issue,True
TK-253711,2026-06-01 00:18,2026-06-01 00:18,2026-06-01 00:39,resolved,chat,C104336,,VA-AC-CASE,Product Enquiry,Normal,Chat Frontline,A3017,0.0,,,,N,"Dear Sir/Madam, This is regarding the charging case I ordered. The festive offer vanished when I clicked pay. I tried on app & website. Not acceptable at this price. I want my money back. Thank u Joseph",Contact re discount not applied. Checked coupon validity. Store credit issued.,helpdesk,2026-06-01 00:18:00,2026-06-01 00:18:00,2026-06-01 00:39:00,2026-06,0.0,0.35,0.25,False,0.0,210.0,0.0,0.0,True,Hardware & Technical,Hardware & Technical,Rule match: Hardware / Audio / Battery / Connection defect,True
TK-241802,2025-04-10 21:17,2025-04-10 21:21,2025-04-11 16:17,resolved,chat,C106103,VR905155,VA-EB-PL1,Returns & Refunds,Normal,Returns Desk,A3036,,3.0,,,N,nobody came for teh pickup - VR905155 - how do i get this fixed?,re: pickup missed | checked pickup awb -> refund processed without pickup as goodwill ~Pranav,legacy_fd,2025-04-10 21:17:00,2025-04-10 21:21:00,2025-04-11 16:17:00,2025-04,0.06666666666666667,19.0,0.25,False,0.0,210.0,0.0,0.0,True,Returns & Refunds,Returns & Refunds,Rule match: Return pickup / refund process,True
TK-241236,2025-03-13 08:23,2025-03-13 08:28,2025-03-14 04:04,resolved,chat,C104947,VR884387,VA-EB-PL1,Other,Normal,Chat Frontline,A3007,,4.0,,,Y,"Dear Sir/Madam,

I am writing with reference to my order of pulse 1 placed on 17/08.  What is teh status of my warratny claim. I have emailed twice. I request you to kindly arrange a replacement.

Yours faithfully,
Tenzin Pillai
Gurugram",ticket raised for repair staus follow-up. chk rma status. rplc unit dispatched. (sop 4.2),legacy_fd,2025-03-13 08:23:00,2025-03-13 08:28:00,2025-03-14 04:04:00,2025-03,0.08333333333333333,19.683333333333334,0.25,False,0.0,210.0,0.0,0.0,True,Warranty & RMA,Warranty & RMA,ML model prediction from opening text (prob: 0.73),True
TK-250905,2026-03-05 17:09,2026-03-05 17:15,2026-03-05 17:36,resolved,chat,C100214,,VA-HP-ST3,Other,Normal,Chat Frontline,A3010,0.0,,,,N,discount was not applied at checkout,"cx reached out - promo code invalid. Checked coupon validity. adv coupon terms, rslvd.",helpdesk,2026-03-05 17:09:00,2026-03-05 17:15:00,2026-03-05 17:36:00,2026-03,0.1,0.45,0.25,False,0.0,210.0,0.0,0.0,True,Hardware & Technical,Billing & Payments,ML model prediction from opening text (prob: 0.58),False
TK-244607,2025-08-29 07:35,2025-08-29 07:40,2025-08-31 02:26,resolved,chat,C109301,,VA-EB-PL1,Returns & Refunds,Normal,Returns Desk,A3038,,,4498.0,RETURN-QC-OK,N,"team,
refund was promised 4 days ago and nothing
please help karo
pls reply","re: refund pending | chk reverse pickup qc status -> refund approved, rs 4498, 5-7 working days (SOP 5.4) [closed]",legacy_fd,2025-08-29 07:35:00,2025-08-29 07:40:00,2025-08-31 02:26:00,2025-08,0.08333333333333333,42.85,0.25,False,0.0,210.0,0.0,0.0,True,Returns & Refunds,Returns & Refunds,ML model prediction from opening text (prob: 0.88),True
TK-241080,2025-03-03 10:43,2025-03-03 12:54,2025-03-03 07:41,resolved,email,C104020,VR904516,VA-SP-ORB,Other,High,Email Frontline,A3020,,,,,N,"dear sir/madam,

i am writing with reference to my order of my orbit (vr904516) placed on 13 jan. cannot connect the speaker to wifi. i have tried 2.4ghz. i request you to look into this matter at the earliest.

yours faithfully,
aditya jain",Customer reached out - unable to connect to wifi. Asked cx to try 2.4GHz only. Advised router settings.,legacy_fd,2025-03-03 10:43:00,2025-03-03 12:54:00,2025-03-03 07:41:00,2025-03,2.183333333333333,-3.033333333333333,8.0,False,0.0,260.0,0.0,0.0,True,Hardware & Technical,Hardware & Technical,ML model prediction from opening text (prob: 0.46),True
TK-240208,2025-01-03 19:15,2025-01-03 19:23,2025-01-03 14:12,resolved,chat,C108147,VR904927,VA-EB-AIR,Audio Quality,Normal,Chat Frontline,A3010,,3.0,,,N,"Really frustrating. I bought airlite earbuds on November 14. works for music but useless for meetings. I already checked mic permissions. I want a replacement or refund, nothing else",cx: mic issue | chk mic permissions on phone -> replacement raised,legacy_fd,2025-01-03 19:15:00,2025-01-03 19:23:00,2025-01-03 14:12:00,2025-01,0.13333333333333333,-5.05,0.25,False,0.0,210.0,0.0,0.0,True,Hardware & Technical,Returns & Refunds,ML model prediction from opening text (prob: 0.52),False
TK-243867,2025-08-02 19:46,2025-08-02 19:49,2025-08-07 14:42,resolved,chat,C103750,VR881695,VA-HP-ST3,Billing & Payments,High,Billing,A3033,,3.0,,,N,This is regarding Strata 3.  Paid but package not delivered even after 12 days. I checked with neighbours. Nothing changed. Please call me on my registered number.,"cx: shipment not received | checked awb with courier -> rto confirmed, resshipped //HAR",legacy_fd,2025-08-02 19:46:00,2025-08-02 19:49:00,2025-08-07 14:42:00,2025-08,0.05,114.93333333333334,0.25,False,0.0,210.0,0.0,0.0,True,Delivery & Shipping,Delivery & Shipping,Rule match: Delivery / Courier tracking / Non-receipt issue,True
TK-242122,2025-04-28 12:22,2025-04-28 12:31,2025-04-28 07:16,resolved,voice,C104529,VR881547,VA-HP-ST2,Connectivity,Normal,Voice Frontline,A3025,,,,,N,[IVR transcript] my phone just doesn't see it in the list anymore pls advise,"device not discoverable | asked cx to reset the device -> re-pair successful, resolved on chat",legacy_fd,2025-04-28 12:22:00,2025-04-28 12:31:00,2025-04-28 07:16:00,2025-04,0.15,-5.1,2.0,False,0.0,520.0,0.0,0.0,True,Hardware & Technical,Hardware & Technical,ML model prediction from opening text (prob: 0.65),True
TK-250220,2026-02-12 07:53,2026-02-12 07:54,2026-02-12 08:13,resolved,chat,C102420,VR884890,VA-HP-ST3,App & Firmware,Normal,Chat Frontline,A3007,0.0,4.0,,,N,"Product: my Strata 3 headphones
Order: VR884890
Purchased: Noevmber 21
Issue: dies by lunchtime with light use
Tried: updated the app
Expected: refund","1. battery draining fast
2. checked usage pattern w/ cx
3. esc to wty",helpdesk,2026-02-12 07:53:00,2026-02-12 07:54:00,2026-02-12 08:13:00,2026-02,0.016666666666666666,0.3333333333333333,0.25,False,0.0,210.0,0.0,0.0,True,Hardware & Technical,Hardware & Technical,ML model prediction from opening text (prob: 0.84),True
TK-252435,2026-04-21 22:49,2026-04-22 06:11,2026-04-25 06:25,resolved,email,C109254,,VA-EB-PL2,Returns & Refunds,Normal,Returns Desk,A3037,0.0,5.0,700.0,RETURN-QC-OK,N,"Hey, I bought Pulse 2 on 06-04-2026.  Reufnd not received yet. Please call me on my registered number. Thanks,",re: refund delay | checked refund status on pg -> refund reprocessed,helpdesk,2026-04-21 22:49:00,2026-04-22 06:11:00,2026-04-25 06:25:00,2026-04,7.366666666666666,79.6,8.0,False,0.0,260.0,0.0,0.0,True,Returns & Refunds,Returns & Refunds,ML model prediction from opening text (prob: 0.21),True
TK-242369,2025-05-14 19:22,2025-05-14 19:31,2025-05-17 14:17,resolved,chat,C104213,VR884389,VA-SW-NX1,Delivery & Shipping,Normal,Logistics,A3029,,4.0,,,N,"hey
my ordre has not ben delivered yet","re: order not delivered | raised ticket with courier partner -> rto confirmed, reshipped",legacy_fd,2025-05-14 19:22:00,2025-05-14 19:31:00,2025-05-17 14:17:00,2025-05,0.15,66.91666666666667,0.25,False,0.0,210.0,0.0,0.0,True,Delivery & Shipping,Delivery & Shipping,ML model prediction from opening text (prob: 0.62),True
TK-250449,2026-02-18 18:32,2026-02-18 18:37,2026-02-19 19:07,resolved,chat,C106926,VR886146,VA-EB-PL1,Other,Normal,Chat Frontline,A3011,0.0,,,,N,"Dear Sir/Madam,

I am writing w/ reference to my order of the Pulse buds (VR886146) placed on February 04. My order has not been delivered yet. I have checked w/ neighbours. I request u to kindly arrange a replacement.

Yours faithfully,
Ishaan Pillai","issue: delivery delayed | confirmed address w/ cx -> rto confirmed, reshipped -SM",helpdesk,2026-02-18 18:32:00,2026-02-18 18:37:00,2026-02-19 19:07:00,2026-02,0.08333333333333333,24.583333333333332,0.25,False,0.0,210.0,0.0,0.0,True,Delivery & Shipping,Delivery & Shipping,ML model prediction from opening text (prob: 0.85),True
TK-242318,2025-05-10 18:22,2025-05-10 18:23,2025-05-12 13:33,closed,chat,C103229,VR897329,VA-EB-AIR,Billing & Payments,High,Billing,A3030,,,,,N,"Got the AirLite buds from Flipkart around Diwali. My order has not been delivered yet. Waiting for ur reply. Thanks in advance,","Cx says dlvry delayed. Confirmed address w/ cx. Transferred to Logistics. RTO confirmed, reshipped. Cx satisfied on chat. ~Imran",legacy_fd,2025-05-10 18:22:00,2025-05-10 18:23:00,2025-05-12 13:33:00,2025-05,0.016666666666666666,43.18333333333333,0.25,False,0.0,210.0,0.0,0.0,True,Delivery & Shipping,Delivery & Shipping,ML model prediction from opening text (prob: 0.64),True
TK-240604,2025-02-03 12:17,2025-02-03 12:52,2025-02-05 07:37,resolved,chat,C101162,VR905372,VA-HP-ST2,Billing & Payments,High,Billing,A3029,,,,,N,"TEAM,
MONEY GONE FROM ACCOUNT, ITEM NOT WITH ME, 9 DAYS
2 WEKES AGO SE
HELP","payment confirmed on PG, this is a delivery delay. xfer logistics. issue: order not delivered | confirmed address with cx -> rto confirmed, reshipped | xfer logistics",legacy_fd,2025-02-03 12:17:00,2025-02-03 12:52:00,2025-02-05 07:37:00,2025-02,0.5833333333333334,43.333333333333336,0.25,True,350.0,210.0,0.0,0.0,True,Delivery & Shipping,Delivery & Shipping,Rule match: Delivery / Courier tracking / Non-receipt issue,True
TK-242765,2025-06-04 18:48,2025-06-04 20:48,2025-06-09 15:47,resolved,email,C108488,,VA-SW-FIT,Billing & Payments,High,Billing,A3033,,,,,N,"TEH AMOUNT GOT DEDUCTED AND SINCE THEN TOTAL SILENCE, NO UPDATE, NOTHIING AT MY DOOR","issue: delivery dleayed | raised ticket w/ courier partner -> rto conf, reshipped //HAR",legacy_fd,2025-06-04 18:48:00,2025-06-04 20:48:00,2025-06-09 15:47:00,2025-06,2.0,116.98333333333333,8.0,False,0.0,260.0,0.0,0.0,True,Delivery & Shipping,Delivery & Shipping,ML model prediction from opening text (prob: 0.72),True
TK-253896,2026-06-06 10:13,2026-06-06 10:20,2026-06-06 10:37,resolved,chat,C105195,VR902529,VA-HP-ST3,App & Firmware,Normal,Chat Frontline,A3016,1.0,3.0,,,N,APP NOT OPENING AFTER UPDATE - VR902529,"re: app crash on device page | asked for phone model + os -> bug logged, workaround shared | xfer email frontline ~Ritika",helpdesk,2026-06-06 10:13:00,2026-06-06 10:20:00,2026-06-06 10:37:00,2026-06,0.11666666666666667,0.4,0.25,False,0.0,210.0,1.0,305.0,True,Hardware & Technical,Hardware & Technical,ML model prediction from opening text (prob: 0.71),True
TK-242669,2025-05-30 16:45,2025-05-30 17:12,2025-05-31 11:55,resolved,voice,C100815,VR899203,VA-SP-ORB,Delivery & Shipping,Normal,Logistics,A3029,,4.0,,,N,"[IVR transcript] the courier marked it delivered but nobody in my house got anything, VR899203, how do i get this fixed?",issue: shipment not received | raised ticket with courier partner -> refund initiated as lost in transit,legacy_fd,2025-05-30 16:45:00,2025-05-30 17:12:00,2025-05-31 11:55:00,2025-05,0.45,19.166666666666668,2.0,False,0.0,520.0,0.0,0.0,True,Delivery & Shipping,Delivery & Shipping,Rule match: Delivery / Courier tracking / Non-receipt issue,True
TK-243203,2025-06-28 01:11,2025-06-28 09:58,2025-06-28 04:44,resolved,email,C101581,VR880448,VA-SW-NX2,Other,Low,Email Frontline,A3020,,,6499.0,CANCEL,N,"helo
waant to cancel my order
the nexa 2
urgent",-,legacy_fd,2025-06-28 01:11:00,2025-06-28 09:58:00,2025-06-28 04:44:00,2025-06,8.783333333333333,3.55,8.0,True,350.0,260.0,0.0,0.0,True,Other / Unclear,Other / Unclear,ML model prediction from opening text (prob: 0.75),True
TK-249911,2026-02-02 10:32,2026-02-02 10:36,2026-02-02 11:10,resolved,chat,C104587,VR900218,VA-HP-ST3,Audio Quality,Normal,Chat Frontline,A3007,0.0,,,,Y,"Hi team,
Ordered my Strata 3 headphones around Diwali. Crackling sound in the lfet side.
I changed EQ. Nothing changed.
I want my money back.
Thanks in advance,","audiio distortion | asked for a recording -> replacement approved, reverse pikcup arranged (sop 2.7)",helpdesk,2026-02-02 10:32:00,2026-02-02 10:36:00,2026-02-02 11:10:00,2026-02,0.06666666666666667,0.6333333333333333,0.25,False,0.0,210.0,0.0,0.0,True,Hardware & Technical,Hardware & Technical,Rule match: Hardware / Audio / Battery / Connection defect,True
TK-242345,2025-05-12 19:18,2025-05-12 20:37,2025-05-13 21:30,closed,social,C101946,VR904018,VA-EB-PL1,Warranty & Repair,High,Escalations & Warranty,A3042,,,,,Y,"what is the status of my warranty claim, vr904018","cx reported warranty claim status. checked rma status. replacement raised, rma shared with cx.",legacy_fd,2025-05-12 19:18:00,2025-05-12 20:37:00,2025-05-13 21:30:00,2025-05,1.3166666666666667,26.2,4.0,False,0.0,240.0,0.0,0.0,True,Warranty & RMA,Warranty & RMA,Rule match: RMA / Warranty service indicator,True
TK-246923,2025-11-09 12:16,2025-11-09 12:55,2025-11-09 13:39,resolved,voice,C108289,VR905603,VA-EB-PL2,Charging & Battery,High,Voice Frontline,A3025,0.0,5.0,,,N,"Hi there,
This is regardign the Pulse 2 earbuds. Right sie works perfectly, left one just des not wake up.
I did the rest frmo the manual. Nothing changed.
What do I do now?
Thanks & regards, Om Chauhhan",re: left earbud not taking charge | confirmed fw 2.7.4 -> advised to observe for 48h and revert,helpdesk,2025-11-09 12:16:00,2025-11-09 12:55:00,2025-11-09 13:39:00,2025-11,0.65,1.3833333333333333,2.0,False,0.0,520.0,0.0,0.0,True,Hardware & Technical,Hardware & Technical,ML model prediction from opening text (prob: 0.57),True
TK-244713,2025-09-01 11:09,2025-09-01 12:04,2025-09-01 06:47,resolved,voice,C106287,,VA-SP-MINI,Billing & Payments,High,Billing,A3034,,4.0,,,N,"[IVR transcript] I have been a loyal customer and this is how you treat me.  Got Orbit Mini from Flipkart recently. your ad said 20% off and the cart says full price. I already tried on app and website. I want a replacement or refund, nothing else.",store credit issued. issue: promo code invalid. chk cart eligibility. ~Megha,legacy_fd,2025-09-01 11:09:00,2025-09-01 12:04:00,2025-09-01 06:47:00,2025-09,0.9166666666666666,-4.366666666666666,2.0,False,0.0,520.0,0.0,0.0,True,Hardware & Technical,Billing & Payments,ML model prediction from opening text (prob: 0.52),False
TK-244393,2025-08-21 21:19,2025-08-21 21:23,2025-08-23 16:26,resolved,chat,C107566,VR901428,VA-HP-ST2,Delivery & Shipping,Normal,Logistics,A3029,,2.0,,,Y,"helo
the box says strata 2 but what's inside is not what i paid for","Cx reported wrong item delivered. Raised with warehouse. Replacement raised, RMA shared with cx.",legacy_fd,2025-08-21 21:19:00,2025-08-21 21:23:00,2025-08-23 16:26:00,2025-08,0.06666666666666667,43.11666666666667,0.25,False,0.0,210.0,0.0,0.0,True,Warranty & RMA,Returns & Refunds,ML model prediction from opening text (prob: 0.45),False
TK-244964,2025-09-09 19:33,2025-09-09 19:38,2025-09-10 14:37,resolved,chat,C108242,,VA-AC-CASE,Billing & Payments,High,Billing,A3028,,,,,N,"Dear Sir/Madam,

I am writing with reference to my order of spare case placed on 02/09. Payment page said success. my doostep says otherwise. I have checked teh tracking page daily. I request you to provide a resolution within 3 working days.

Regards,
Aadhya Pawar","cx says dlvry delayed. raised ticket w/ crr partner. xfer to logistics. rto conf, reshipped.",legacy_fd,2025-09-09 19:33:00,2025-09-09 19:38:00,2025-09-10 14:37:00,2025-09,0.08333333333333333,19.066666666666666,0.25,False,0.0,210.0,0.0,0.0,True,Delivery & Shipping,Delivery & Shipping,Rule match: Delivery / Courier tracking / Non-receipt issue,True
TK-253231,2026-05-16 10:12,2026-05-16 10:15,2026-05-16 10:31,closed,chat,C108439,VR898239,VA-SP-MINI,Other,High,Chat Frontline,A3009,0.0,4.0,,,N,"Hey,
Ordered orbit mini around Diwali.  Ordered the wrong colour, don't ship it.
I tried cancel button, greyed out. Nothing changed.
Please advise.
Thanks & regards,","issue: cancellation request | checked shipment status -> already shipped, advised rto/return",helpdesk,2026-05-16 10:12:00,2026-05-16 10:15:00,2026-05-16 10:31:00,2026-05,0.05,0.31666666666666665,0.25,False,0.0,210.0,0.0,0.0,True,Delivery & Shipping,Delivery & Shipping,ML model prediction from opening text (prob: 0.84),True
TK-252838,2026-05-03 22:33,2026-05-03 22:35,2026-05-03 23:13,closed,chat,C105699,VR889352,VA-SP-ORB,Other,Low,Chat Frontline,A3003,0.0,,,,N,"Dear team,
the Orbit smart speaker purcchased in April, order VR889352. UPI shws success, your app shows nothing.
I waited 24 hours.
I have been a loyal customer and this is how you treat me.
How do I get tihs fixed?
Thanks & regards,",ticket raised for failed order after payment. asked for utr. order manually created.,helpdesk,2026-05-03 22:33:00,2026-05-03 22:35:00,2026-05-03 23:13:00,2026-05,0.03333333333333333,0.6666666666666666,0.25,False,0.0,210.0,0.0,0.0,True,Hardware & Technical,Billing & Payments,ML model prediction from opening text (prob: 0.79),False
TK-242321,2025-05-11 10:08,2025-05-11 11:35,2025-05-23 06:57,resolved,voice,C102475,VR882295,VA-HP-ST3,Other,Normal,Voice Frontline,A3025,,,997.0,WTY-BUYBACK,N,"[IVR transcript] Not what I expected from Vireo.  Strata 3 purchased last month, order VR882295. service centre took it, now silence. I already emailed twice. Refund. Now.","re: rma status query | checked qc report -> refund approved, rs 997, 5-7 working days",legacy_fd,2025-05-11 10:08:00,2025-05-11 11:35:00,2025-05-23 06:57:00,2025-05,1.45,284.81666666666666,2.0,False,0.0,520.0,0.0,0.0,True,Warranty & RMA,Warranty & RMA,ML model prediction from opening text (prob: 0.88),True
TK-248605,2025-12-23 16:34,2025-12-23 16:45,2025-12-23 16:59,resolved,chat,C106465,,VA-EB-PL2,Account & Login,Normal,Chat Frontline,A3013,0.0,,,,N,"Hi, Got Pulse2 from vireo.in 10 days ago. Not receiving OTP to login. I tried 5 times. Very poor quality. Waiting for ur reply.","Number updated, rslvd. Issue: OTP not rcvd. chk number on account. //SNE",helpdesk,2025-12-23 16:34:00,2025-12-23 16:45:00,2025-12-23 16:59:00,2025-12,0.18333333333333332,0.4166666666666667,0.25,False,0.0,210.0,0.0,0.0,True,Account & Login,Account & Login,Rule match: Account authentication / OTP issue,True
TK-244707,2025-08-31 22:40,2025-08-31 22:48,2025-08-31 17:57,resolved,chat,C105000,VR899993,VA-EB-PL2,Billing & Payments,Normal,Billing,A3035,,,3324.0,LOST-TRANSIT,N,"Hi Vireo support,
Bought my Pulse 2 around 16-08-2025 from Amazon. Paid but package not delivered even after 12 days.
I checked with neighbours. Nothing changed.
Waiting for your reply.
Regards Suresh",Cx reported shipment not received. Checked AWB with courier. Re-shipped from warehouse. Closing.,legacy_fd,2025-08-31 22:40:00,2025-08-31 22:48:00,2025-08-31 17:57:00,2025-08,0.13333333333333333,-4.716666666666667,0.25,False,0.0,210.0,0.0,0.0,True,Delivery & Shipping,Delivery & Shipping,Rule match: Delivery / Courier tracking / Non-receipt issue,True
TK-245146,2025-09-16 09:15,2025-09-16 11:43,2025-09-16 12:00,resolved,email,C104989,,VA-AC-CASE,Product Enquiry,Low,Email Frontline,A3021,0.0,5.0,,,N,"Hello, Ordered the charging case I ordered 10 days ago. Before I buy - will this talk to a 2019 Samsung. NEED THIS SORTED THIS WEEK. Thanks Mohammed",closed (SOP 5.4) //SIM,helpdesk,2025-09-16 09:15:00,2025-09-16 11:43:00,2025-09-16 12:00:00,2025-09,2.466666666666667,2.75,8.0,False,0.0,260.0,0.0,0.0,True,Product Enquiry,Hardware & Technical,Rule match: Hardware / Audio / Battery / Connection defect,False
TK-242478,2025-05-20 09:29,2025-05-20 09:29,2025-05-23 04:31,resolved,chat,C105550,VR887208,VA-SW-NX2,Delivery & Shipping,Normal,Logistics,A3031,,2.0,,,Y,"dear sir/madam, this is regarding nexa 2. i ordered nexa 2 & got something else. i rechecked my order. nothing changed. kindly look into it.",Replacement unit dispatched. Issue: wrong variant rcvd. Verified ord vs delivered item photos. (SOP 5.4) [closed],legacy_fd,2025-05-20 09:29:00,2025-05-20 09:29:00,2025-05-23 04:31:00,2025-05,0.0,67.03333333333333,0.25,False,0.0,210.0,0.0,0.0,True,Delivery & Shipping,Delivery & Shipping,ML model prediction from opening text (prob: 0.31),True
TK-253980,2026-06-09 09:50,2026-06-09 21:18,2026-06-09 21:37,resolved,email,C103344,VR894990,VA-NB-ARC,Other,Low,Email Frontline,A3018,0.0,,,,N,"product: my arc
order: vr894990
purchased: 03 jun
issue: the page failed after i paid and now nothing shosw in my account
tried: tried loggiing out and in
expected: replacement",cust contacted re amunt deducted without ord. asked for utr. refund processed to source. cx informed.,helpdesk,2026-06-09 09:50:00,2026-06-09 21:18:00,2026-06-09 21:37:00,2026-06,11.466666666666667,11.783333333333333,8.0,True,350.0,260.0,0.0,0.0,True,Delivery & Shipping,Billing & Payments,ML model prediction from opening text (prob: 0.52),False
TK-249108,2026-01-08 23:11,2026-01-08 23:12,2026-01-09 23:46,resolved,chat,C104348,VR891643,VA-SP-MINI,Returns & Refunds,Normal,Returns Desk,A3038,0.0,,,,N,"Dear Sir/Madam,

I am writing with reference to my order of the mini sppeaker (VR891643) placed on 18 Dec. Where is the money for the return. I hae checked bank. I request you to provide a resolution withhin 3 working days.

Yours faithfully,
Abhishek Das","1. Refund not credited
2. Checked refund status on PG
3. ARN shared with cx (SOP 4.2) [closed]",helpdesk,2026-01-08 23:11:00,2026-01-08 23:12:00,2026-01-09 23:46:00,2026-01,0.016666666666666666,24.583333333333332,0.25,False,0.0,210.0,0.0,0.0,True,Returns & Refunds,Returns & Refunds,ML model prediction from opening text (prob: 0.62),True
TK-253573,2026-05-27 17:12,2026-05-27 17:21,2026-05-27 17:56,resolved,chat,C105334,,VA-SP-MINI,Connectivity,Normal,Chat Frontline,A3011,0.0,,,,N,Honestly regretting this purchase. Ordered the mini speaker 10 days ago. bluetooth keeps cutting out. I already kept phone in hand. Fix this or I am posting on twitter.,cx: connection dropping | checked interference sources -> fw update rslvd,helpdesk,2026-05-27 17:12:00,2026-05-27 17:21:00,2026-05-27 17:56:00,2026-05,0.15,0.7333333333333333,0.25,False,0.0,210.0,0.0,0.0,True,Hardware & Technical,Hardware & Technical,Rule match: Hardware / Audio / Battery / Connection defect,True
TK-247686,2025-11-28 17:30,2025-11-28 17:33,2025-11-28 18:09,resolved,chat,C104901,,VA-SP-MINI,Connectivity,Normal,Chat Frontline,A3011,0.0,3.0,,,N,"product: orbit mini
order: vr901669
purchased: 03/10
issue: cannot connect the speaker to wifi
tried: restarted router
expected: resolution","wifi setup failing | chk router band -> 2.4ghz worked, resolved",helpdesk,2025-11-28 17:30:00,2025-11-28 17:33:00,2025-11-28 18:09:00,2025-11,0.05,0.65,0.25,False,0.0,210.0,0.0,0.0,True,Hardware & Technical,Hardware & Technical,ML model prediction from opening text (prob: 0.49),True
TK-250068,2026-02-07 07:45,2026-02-07 07:47,2026-02-08 08:02,resolved,chat,C101820,VR883064,VA-SP-ORB,Delivery & Shipping,High,Logistics,A3027,0.0,,,,N,"hello
ordeer not delivered, tracking not updating
orbit speaker vr883064
hello??",Cust contacted re dlvry delayed. chk AWB w/ crr. rfnd initiated as lost in transit. (SOP 2.7),helpdesk,2026-02-07 07:45:00,2026-02-07 07:47:00,2026-02-08 08:02:00,2026-02,0.03333333333333333,24.283333333333335,0.25,False,0.0,210.0,0.0,0.0,True,Delivery & Shipping,Delivery & Shipping,Rule match: Delivery / Courier tracking / Non-receipt issue,True
TK-249615,2026-01-24 08:14,2026-01-24 09:07,2026-01-24 09:32,resolved,voice,C106709,VR885203,VA-EB-AIR,Charging & Battery,Low,Voice Frontline,A3025,0.0,4.0,,,N,[IVR transcript] Very poor quality.  I bought airlite earbuds on 11 Dec. battery backup is terrible now. I already updated the app. This is the last time I buy from you.,"battery draining fast | checked fw 3.6.6 -> advised settings change, cx satisfied",helpdesk,2026-01-24 08:14:00,2026-01-24 09:07:00,2026-01-24 09:32:00,2026-01,0.8833333333333333,1.3,2.0,False,0.0,520.0,0.0,0.0,True,Hardware & Technical,Hardware & Technical,Rule match: Hardware / Audio / Battery / Connection defect,True
TK-241554,2025-03-30 07:13,2025-03-30 07:13,2025-03-30 02:03,resolved,chat,C107674,VR881217,VA-AC-CH65,Product Enquiry,Normal,Chat Frontline,A3008,,,,,N,"Hello,
Got your charger from vireo.in 3 weeks back. IS YOUR CHARGER COMPATIBLE WTH MY TV.
I WANT A REPLACEMENT",Cx reported pre-sales query. Shared compatibility info. Query answered. ~Ramesh,legacy_fd,2025-03-30 07:13:00,2025-03-30 07:13:00,2025-03-30 02:03:00,2025-03,0.0,-5.166666666666667,0.25,False,0.0,210.0,0.0,0.0,True,Product Enquiry,Product Enquiry,ML model prediction from opening text (prob: 0.73),True
TK-248957,2026-01-03 21:10,2026-01-03 21:11,2026-01-06 21:25,resolved,chat,C102632,VR882271,VA-SW-NX2,Returns & Refunds,Normal,Returns Desk,A3018,1.0,2.0,,,N,"this is very disappointing.  i bought the nexa 2 on december 29. the return was accepted but the amount is nowhere in my account. i already emailed twice. i want a replacement or refund, nothing else.",arn shared with cx. issue: rfnd not credited. chk rfnd status on pg. via email frontline.,helpdesk,2026-01-03 21:10:00,2026-01-03 21:11:00,2026-01-06 21:25:00,2026-01,0.016666666666666666,72.25,0.25,False,0.0,210.0,1.0,305.0,True,Returns & Refunds,Returns & Refunds,ML model prediction from opening text (prob: 0.88),True
TK-248599,2025-12-23 13:24,2025-12-23 18:01,2025-12-23 18:18,resolved,email,C106701,VR885499,VA-EB-AIR,Other,Normal,Email Frontline,A3018,0.0,4.0,,,N,"dear sir/madam,

i am writing with reference to my order of the airlite buds (vr885499) placed on 20/12. i moved houses yesterday and the order is going to the old flat. i have tried editing in app. i request you to kindly arrange a replacement.

yours faithfully,
om patel",address updated. issue: adress update. chk dispatch status.,helpdesk,2025-12-23 13:24:00,2025-12-23 18:01:00,2025-12-23 18:18:00,2025-12,4.616666666666666,4.9,8.0,False,0.0,260.0,0.0,0.0,True,Delivery & Shipping,Delivery & Shipping,ML model prediction from opening text (prob: 0.48),True
TK-245370,2025-09-23 22:36,2025-09-23 23:43,2025-09-25 00:22,resolved,email,C100952,,VA-EB-PL2,Billing & Payments,High,Billing,A3029,1.0,1.0,,,N,payment successful but order not delivered,cx: delivery delayed | raised ticket with courier partner -> refund initiated as lost in transit | xfer logistics,helpdesk,2025-09-23 22:36:00,2025-09-23 23:43:00,2025-09-25 00:22:00,2025-09,1.1166666666666667,25.766666666666666,8.0,False,0.0,260.0,1.0,305.0,True,Delivery & Shipping,Delivery & Shipping,Rule match: Delivery / Courier tracking / Non-receipt issue,True
TK-247305,2025-11-18 22:29,2025-11-18 22:38,2025-11-19 23:00,resolved,chat,C102659,,VA-EB-PL2,Billing & Payments,High,Billing,A3032,0.0,2.0,,,N,"Hello Vireo, This is regarding the Pulse 2 earbuds. Your site took the money happily, the box never came. I checked with neighbours. I am losing patience. What do I do now?","1. delivery delayed
2. confirmed address with cx
3. rfnd initiated as lost in transit [closed]",helpdesk,2025-11-18 22:29:00,2025-11-18 22:38:00,2025-11-19 23:00:00,2025-11,0.15,24.516666666666666,0.25,False,0.0,210.0,0.0,0.0,True,Delivery & Shipping,Delivery & Shipping,ML model prediction from opening text (prob: 0.85),True
TK-248626,2025-12-24 10:29,2025-12-24 10:44,2025-12-24 11:06,closed,chat,C105663,VR908328,VA-EB-PL2,Delivery & Shipping,Normal,Logistics,A3028,0.0,2.0,,,N,"team,
paid on 15-12-2025, still waiting for something to show up
kuch karo
kindly do the needflu","ticket raised for ord not delivered. conf address w/ cx. crr conf delivery for 26 dec, cx informed.",helpdesk,2025-12-24 10:29:00,2025-12-24 10:44:00,2025-12-24 11:06:00,2025-12,0.25,0.6166666666666667,0.25,False,0.0,210.0,0.0,0.0,True,Delivery & Shipping,Delivery & Shipping,Rule match: Delivery / Courier tracking / Non-receipt issue,True
TK-247695,2025-11-28 19:50,2025-11-28 20:01,2025-11-28 20:16,resolved,chat,C102422,,VA-EB-PL2,Delivery & Shipping,High,Logistics,A3030,0.0,,,,Y,box was crushed and the pulse 2 buds is cracked,"1. Unit received damaged
2. Photos received, damage conf
3. rplc raised, RMA shared w/ cx",helpdesk,2025-11-28 19:50:00,2025-11-28 20:01:00,2025-11-28 20:16:00,2025-11,0.18333333333333332,0.43333333333333335,0.25,False,0.0,210.0,0.0,0.0,True,Warranty & RMA,Returns & Refunds,ML model prediction from opening text (prob: 0.48),False
TK-246553,2025-10-31 09:24,2025-10-31 11:46,2025-10-31 11:57,resolved,social,C101612,VR894240,VA-HP-ST3,Other,Low,Chat Frontline,A3036,1.0,3.0,,,N,"bhai
my dad has an old nokia, will the watch app run
kuch karo
help",compatibility query | shared spec sheet -> cx satisfied | xfer returns desk ~Pranav,helpdesk,2025-10-31 09:24:00,2025-10-31 11:46:00,2025-10-31 11:57:00,2025-10,2.3666666666666667,2.55,4.0,False,0.0,240.0,1.0,305.0,True,Product Enquiry,Product Enquiry,ML model prediction from opening text (prob: 0.90),True
TK-247046,2025-11-12 13:34,2025-11-12 14:11,2025-11-12 14:48,resolved,voice,C103704,VR901495,VA-EB-AIR,Billing & Payments,High,Billing,A3035,0.0,,1799.0,DUP-PAYMENT,N,"hii
payment went through but i got no order id
hello??",Cx reported failed order after payment. Checked PG daashboard for txn. Full refuund processed (1799). Will monitor. (SOP 5.4),helpdesk,2025-11-12 13:34:00,2025-11-12 14:11:00,2025-11-12 14:48:00,2025-11,0.6166666666666667,1.2333333333333334,2.0,False,0.0,520.0,0.0,0.0,True,Billing & Payments,Billing & Payments,ML model prediction from opening text (prob: 0.62),True
TK-247997,2025-12-06 21:47,2025-12-06 21:57,2025-12-08 22:18,resolved,chat,C106428,VR905217,VA-SP-MINI,Other,Normal,Chat Frontline,A3010,0.0,3.0,,,N,"dear sir/madam,

i am writing with reference to my order of the mini speaker (vr905217) placed on 01/12. order not delivered, tracking not updating. i have checked the tracking page daily. i request you to kindly arrange a replacement.

yours faithfully,
lakshmi roy",Re-shipped from warehouse. Issue: ord not delivered. Confirmed address with cx.,helpdesk,2025-12-06 21:47:00,2025-12-06 21:57:00,2025-12-08 22:18:00,2025-12,0.16666666666666666,48.516666666666666,0.25,False,0.0,210.0,0.0,0.0,True,Delivery & Shipping,Delivery & Shipping,Rule match: Delivery / Courier tracking / Non-receipt issue,True
TK-245752,2025-10-07 12:10,2025-10-07 13:15,2025-10-08 13:40,resolved,email,C103803,,VA-SW-NX1,Returns & Refunds,Normal,Returns Desk,A3037,0.0,5.0,675.0,RETURN-QC-OK,N,Honestly regretting this purchase. Got Nexa watch from vireo.in a month ago. refund not received yet. I already emailed twice. Escalate this to someone senior.,rfnd delay | checked rfnd status on pg -> full rfnd processed (675),helpdesk,2025-10-07 12:10:00,2025-10-07 13:15:00,2025-10-08 13:40:00,2025-10,1.0833333333333333,25.5,8.0,False,0.0,260.0,0.0,0.0,True,Returns & Refunds,Returns & Refunds,ML model prediction from opening text (prob: 0.83),True
TK-245185,2025-09-17 13:37,2025-09-17 16:03,2025-09-17 16:31,resolved,social,C102737,VR898473,VA-EB-PL2,Delivery & Shipping,Normal,Logistics,A3029,0.0,,,,N,"hi there, this is regarding pulse 2. it has been 9 days and i have nothing in hand. i checked w/ neighbours. nothing changed. please advise. awaiting response","cx: shipment not received | raised ticket with courier partner -> rto confirmed, reshipped",helpdesk,2025-09-17 13:37:00,2025-09-17 16:03:00,2025-09-17 16:31:00,2025-09,2.433333333333333,2.9,4.0,False,0.0,240.0,0.0,0.0,True,Delivery & Shipping,Delivery & Shipping,ML model prediction from opening text (prob: 0.93),True
TK-251738,2026-04-01 10:02,2026-04-01 17:12,2026-04-01 17:52,resolved,email,C104493,VR903566,VA-HP-ST3,Audio Quality,Low,Email Frontline,A3030,1.0,,,,Y,"To the Vireo Customer Care Team,

I am writing with reference to my order of the strata 3 (VR903566) placed on October 13. One of them is just decoration at this point. I HAVE CHECKED BALANCE SETTINGS. I request you to process a refund to my original payment method.

Yours faithfully,
Saanvi Siddiqui",Contact re single side audio only. Asked cx to check bud in case. Transferred to Logistics. Replacement unit dispatched. Cx satisfied on chat. (SOP 2.7) ~Imran,helpdesk,2026-04-01 10:02:00,2026-04-01 17:12:00,2026-04-01 17:52:00,2026-04,7.166666666666667,7.833333333333333,8.0,False,0.0,260.0,1.0,305.0,True,Delivery & Shipping,Hardware & Technical,ML model prediction from opening text (prob: 0.49),False
TK-249090,2026-01-08 11:29,2026-01-08 15:19,2026-01-08 15:48,resolved,email,C100278,,VA-EB-PL2,Connectivity,Normal,Email Frontline,A3018,0.0,3.0,,,N,"firmware update stuck for 2 hours, i want a replacement",rplc raised (bricked). issue: update hang. asked cx to keep in case 30 min.,helpdesk,2026-01-08 11:29:00,2026-01-08 15:19:00,2026-01-08 15:48:00,2026-01,3.8333333333333335,4.316666666666666,8.0,False,0.0,260.0,0.0,0.0,True,Hardware & Technical,Hardware & Technical,Rule match: Hardware / Audio / Battery / Connection defect,True
TK-241327,2025-03-18 10:53,2025-03-18 16:58,2025-03-18 11:47,resolved,email,C100620,VR881227,VA-EB-PL1,Audio Quality,Normal,Email Frontline,A3018,,,,,N,"Hey,
Got pulse 1 from vireo.in lst week. It goes silent for a second every few minutes and comes back.
I kept phone in hand. Nothing changed.
Kindly look into it.
Awaiting response Rajat",cx reached out - bt dropouts. adv to test in different location. rplc raised. cx satisfied on chat.,legacy_fd,2025-03-18 10:53:00,2025-03-18 16:58:00,2025-03-18 11:47:00,2025-03,6.083333333333333,0.9,8.0,False,0.0,260.0,0.0,0.0,True,Hardware & Technical,Hardware & Technical,ML model prediction from opening text (prob: 0.63),True
TK-253082,2026-05-12 07:17,2026-05-12 09:33,2026-05-17 09:52,resolved,email,C109269,VR902918,VA-AC-CASE,Billing & Payments,High,Billing,A3030,2.0,2.0,,,N,Not what I expected from Vireo. I bought the charging case I ordered on 27 Apr. paid full amount on 27/04 - order still says processing. I already called the courier. Refund. Now.,"Not a billing issue - dlvry query, transferring to logistics. Cx reported shipment not rcvd. chk AWB with courier. Transferred to Logistics. Re-shipped from warehouse. Will monitor. (SOP 2.7)",helpdesk,2026-05-12 07:17:00,2026-05-12 09:33:00,2026-05-17 09:52:00,2026-05,2.2666666666666666,122.58333333333333,8.0,False,0.0,260.0,2.0,610.0,True,Delivery & Shipping,Delivery & Shipping,Rule match: Delivery / Courier tracking / Non-receipt issue,True
TK-251553,2026-03-26 13:56,2026-03-26 14:45,2026-03-27 15:06,resolved,email,C104632,,VA-EB-PL2,Delivery & Shipping,Low,Logistics,A3029,0.0,,2799.0,RETURN-QC-OK,N,"HI
WRONG PRODUCT DELIVERED
ANYONE THERE",incorrect product shipped | verified order vs delivered item photos -> reverse pickup + correct item shipped,helpdesk,2026-03-26 13:56:00,2026-03-26 14:45:00,2026-03-27 15:06:00,2026-03,0.8166666666666667,25.166666666666668,8.0,False,0.0,260.0,0.0,0.0,True,Returns & Refunds,Returns & Refunds,ML model prediction from opening text (prob: 0.69),True
TK-252913,2026-05-06 10:09,2026-05-06 10:18,2026-05-06 10:33,closed,chat,C108799,VR907722,VA-EB-PL1,Product Enquiry,Normal,Chat Frontline,A3012,0.0,3.0,,,N,"hii
can i connect two the pulse buds together
the pulse buds
kindly do the needful",query answered. issue: product enquiry. shared spec sheet.,helpdesk,2026-05-06 10:09:00,2026-05-06 10:18:00,2026-05-06 10:33:00,2026-05,0.15,0.4,0.25,False,0.0,210.0,0.0,0.0,True,Product Enquiry,Product Enquiry,Rule match: Pre-sales / Product feature query,True
TK-245198,2025-09-17 17:44,2025-09-18 05:52,2025-09-21 06:16,resolved,email,C100497,VR905194,VA-EB-PL2,Returns & Refunds,Normal,Returns Desk,A3037,0.0,,3324.0,RETURN-QC-OK,N,not what i expected from vireo. this is regarding pulse 2. the return was accepted but the amount is nowhere in my account. i already emailed twice. fix this or i am posting on twitter.,"re: rfnd pending | checked reverse pickup qc status -> rfnd approved, rs 3324, 5-7 working days",helpdesk,2025-09-17 17:44:00,2025-09-18 05:52:00,2025-09-21 06:16:00,2025-09,12.133333333333333,84.53333333333333,8.0,True,350.0,260.0,0.0,0.0,True,Returns & Refunds,Returns & Refunds,ML model prediction from opening text (prob: 0.88),True
TK-241625,2025-04-01 20:09,2025-04-02 00:22,2025-04-01 19:11,resolved,email,C103942,,VA-SW-FIT,Other,Normal,Email Frontline,A3016,,,,,N,discount was not applied at checkout,"issue: discount not applied | chk cart eligibility -> advised coupon terms, resolved ~Ritika",legacy_fd,2025-04-01 20:09:00,2025-04-02 00:22:00,2025-04-01 19:11:00,2025-04,4.216666666666667,-0.9666666666666667,8.0,False,0.0,260.0,0.0,0.0,True,Hardware & Technical,Billing & Payments,ML model prediction from opening text (prob: 0.58),False
TK-245734,2025-10-06 22:20,2025-10-06 22:20,2025-10-06 22:39,resolved,chat,C103058,VR885317,VA-HP-ST3,Billing & Payments,Normal,Billing,A3032,0.0,,,,N,"Product: Strata 3
Purchased: 02/10
Issue: my bank shows the same amount twice on the same day
Tried: waited a week
Expected: resolution",cx: charged twice | confirmed utrs -> refund processed [closed],helpdesk,2025-10-06 22:20:00,2025-10-06 22:20:00,2025-10-06 22:39:00,2025-10,0.0,0.31666666666666665,0.25,False,0.0,210.0,0.0,0.0,True,Billing & Payments,Billing & Payments,ML model prediction from opening text (prob: 0.71),True
TK-250167,2026-02-10 05:45,2026-02-10 07:50,2026-02-10 07:57,resolved,social,C108997,VR908407,VA-SP-MINI,Product Enquiry,Normal,Chat Frontline,A3009,0.0,5.0,,,N,"team,
can i connect two orbit mini together
please help karo
orbit mini VR908407",issue: product enquiry | shared compatibility info -> query answered,helpdesk,2026-02-10 05:45:00,2026-02-10 07:50:00,2026-02-10 07:57:00,2026-02,2.0833333333333335,2.2,4.0,False,0.0,240.0,0.0,0.0,True,Product Enquiry,Product Enquiry,Rule match: Pre-sales / Product feature query,True
TK-253699,2026-05-31 16:32,2026-05-31 17:55,2026-05-31 18:15,resolved,chat,C102945,VR890700,VA-AC-CH65,Billing & Payments,Normal,Billing,A3027,1.0,1.0,,,N,"dear sir/madam,

i am writing with reference to my order of your charger (vr890700) placed on may 27.  order not delivered, tracking not updating. i have called the courier. i request you to process a refund to my original payment method.

yours faithfully,
reyansh rathore
kochi","Contact re ord not delivered. chk AWB with crr. xfer to Logistics. crr confirmed dlvry for 04 Jun, cx informed.",helpdesk,2026-05-31 16:32:00,2026-05-31 17:55:00,2026-05-31 18:15:00,2026-05,1.3833333333333333,1.7166666666666666,0.25,True,350.0,210.0,1.0,305.0,True,Delivery & Shipping,Delivery & Shipping,Rule match: Delivery / Courier tracking / Non-receipt issue,True
TK-245727,2025-10-06 17:51,2025-10-06 17:52,2025-10-06 18:11,resolved,chat,C100238,VR903594,VA-EB-PL2,Billing & Payments,High,Billing,A3031,2.0,2.0,,,N,"Product: the Pulse 2 earbuds
Order: VR903594
Purchased: 30/09
Issue: order not delivered, tracking not updating
Tried: called the courier
Expected: callback","payment conf on PG, this is a delivery delay. xffer logistics. 1. Shipment not rcvd
2. chk AWB with courier
3. Transferred to Logistics
4. RTO conf, reshipped [closed]",helpdesk,2025-10-06 17:51:00,2025-10-06 17:52:00,2025-10-06 18:11:00,2025-10,0.016666666666666666,0.3333333333333333,0.25,False,0.0,210.0,2.0,610.0,True,Delivery & Shipping,Delivery & Shipping,Rule match: Delivery / Courier tracking / Non-receipt issue,True
TK-250951,2026-03-06 23:15,2026-03-07 01:33,2026-03-07 01:55,resolved,email,C103283,VR900775,VA-EB-PL1,Billing & Payments,Normal,Billing,A3032,0.0,,,,N,"To the Vireo Customer Care Team,

I am writing with reference to my order of pulse 1 (VR900775) placed on 27 Feb. Please share invoice with GST number. I have checked orders page. I request u to look into this matter at the earliest.

Regards,
Sneha Mukherjee",resolved on call [closed],helpdesk,2026-03-06 23:15:00,2026-03-07 01:33:00,2026-03-07 01:55:00,2026-03,2.3,2.6666666666666665,8.0,False,0.0,260.0,0.0,0.0,True,Billing & Payments,Billing & Payments,ML model prediction from opening text (prob: 0.75),True
